"timestamp","version","phase","row_index","total_rows","issue_key","status","prediction","reason","s2r_reproducibility","s2r_validity","s2r_failure_type","expected_behavior_presence","expected_behavior_quality","observed_behavior_presence","observed_behavior_quality","error_message","model","prompt_version","input_tokens","cached_input_tokens","output_tokens","total_tokens","cost_usd"
"2026-07-10T16:09:08","raw","full","1","139","MC-298921","valid_json","Non-Executable","The report does not specify the exact context or settings under which the Ctrl + G key combination is being used, making it unclear how to reproduce the issue.","Irreproducible","Not Applicable","Missing Information","Not Present","Not Applicable","Present","Sufficient","","gpt-4o-mini-2024-07-18","Prompts_Raw_Final_V6_PilotApproved","1848","0","227","2075","0.00041340"
"2026-07-10T16:09:20","raw","full","2","139","MC-299218","valid_json","Non-Executable","The report does not specify how to trigger the full screen toggle or the state of the game before the action, making it unclear how to reproduce the issue.","Irreproducible","Not Applicable","Missing Information","Not Present","Not Applicable","Present","Sufficient","","gpt-4o-mini-2024-07-18","Prompts_Raw_Final_V6_PilotApproved","1821","0","230","2051","0.00041115"
"2026-07-10T16:09:24","raw","full","3","139","MC-299342","valid_json","Executable","The report provides enough information about the action (playing the 'lava chicken' music disc on a jukebox) and the observed behavior (no audio despite volume settings being at 100%) to attempt reproduction.","Not Assessed","Not Applicable","Not Applicable","Present","Accurate","Present","Sufficient","","gpt-4o-mini-2024-07-18","Prompts_Raw_Final_V6_PilotApproved","1864","0","228","2092","0.00041640"
"2026-07-10T16:09:30","raw","full","4","139","MC-299897","valid_json","Executable","The report provides a clear description of the actions needed to reproduce the bug, including the specific items and conditions required.","Not Assessed","Not Applicable","Not Applicable","Present","Accurate","Present","Sufficient","","gpt-4o-mini-2024-07-18","Prompts_Raw_Final_V6_PilotApproved","2168","0","216","2384","0.00045480"
"2026-07-10T16:09:35","raw","full","5","139","MC-299632","valid_json","Non-Executable","The report does not provide any specific actions or context to reproduce the issue with NBT 'ArmorItems' and 'HandItems'.","Irreproducible","Not Applicable","Missing Information","Not Present","Not Applicable","Not Present","Not Applicable","","gpt-4o-mini-2024-07-18","Prompts_Raw_Final_V6_PilotApproved","1799","0","208","2007","0.00039465"
"2026-07-10T16:09:39","raw","full","6","139","MC-299909","valid_json","Non-Executable","The report describes a symptom (failed to load skin texture) but lacks specific details on how to trigger the issue, such as the exact steps taken before the error occurs.","Irreproducible","Not Applicable","Missing Information","Not Present","Not Applicable","Present","Sufficient","","gpt-4o-mini-2024-07-18","Prompts_Raw_Final_V6_PilotApproved","1906","0","237","2143","0.00042810"
"2026-07-10T16:09:44","raw","full","7","139","MC-299966","valid_json","Non-Executable","The report does not specify how to trigger the 'dinnerbone' effect on the happy ghast, making it unclear how to reproduce the issue.","Irreproducible","Not Applicable","Missing Information","Not Present","Not Applicable","Present","Sufficient","","gpt-4o-mini-2024-07-18","Prompts_Raw_Final_V6_PilotApproved","1787","0","241","2028","0.00041265"
"2026-07-10T16:09:48","raw","full","8","139","MC-300025","valid_json","Non-Executable","The report does not specify how to trigger the interaction or the context in which it should occur, making it unclear how to reproduce the issue.","Irreproducible","Not Applicable","Missing Information","Not Present","Not Applicable","Present","Sufficient","","gpt-4o-mini-2024-07-18","Prompts_Raw_Final_V6_PilotApproved","1840","0","219","2059","0.00040740"
"2026-07-10T16:09:53","raw","full","9","139","MC-300031","valid_json","Non-Executable","The report does not provide specific details on how to trigger the raid or the conditions under which vindicators should spawn.","Irreproducible","Not Applicable","Missing Information","Not Present","Not Applicable","Present","Sufficient","","gpt-4o-mini-2024-07-18","Prompts_Raw_Final_V6_PilotApproved","1806","0","210","2016","0.00039690"
"2026-07-10T16:09:57","raw","full","10","139","MC-300033","valid_json","Executable","The report provides a clear sequence of actions to reproduce the item duplication issue using the /item modify command.","Not Assessed","Not Applicable","Not Applicable","Present","Accurate","Present","Sufficient","","gpt-4o-mini-2024-07-18","Prompts_Raw_Final_V6_PilotApproved","1913","0","217","2130","0.00041715"
"2026-07-10T16:10:01","raw","full","11","139","MC-300107","valid_json","Executable","The report provides a clear method to create Copper Golems and indicates the expected transformation into statues, making it actionable.","Not Assessed","Not Applicable","Not Applicable","Present","Accurate","Present","Sufficient","","gpt-4o-mini-2024-07-18","Prompts_Raw_Final_V6_PilotApproved","1917","0","224","2141","0.00042195"
"2026-07-10T16:10:05","raw","full","12","139","MC-300143","valid_json","Executable","The report provides enough information about the observed behavior and the context in which it occurs, allowing for an attempt to reproduce the issue.","Not Assessed","Not Applicable","Not Applicable","Present","Accurate","Present","Sufficient","","gpt-4o-mini-2024-07-18","Prompts_Raw_Final_V6_PilotApproved","1841","0","226","2067","0.00041175"
"2026-07-10T16:10:08","raw","full","13","139","MC-300388","valid_json","Executable","The report provides a clear description of the setup and the expected behavior, allowing for an attempt to reproduce the issue.","Not Assessed","Not Applicable","Not Applicable","Present","Accurate","Present","Sufficient","","gpt-4o-mini-2024-07-18","Prompts_Raw_Final_V6_PilotApproved","1931","0","205","2136","0.00041265"
"2026-07-10T16:10:12","raw","full","14","139","MC-300395","valid_json","Non-Executable","The report describes a symptom of corrupted blocks but does not provide specific details on how to trigger or reproduce the issue.","Irreproducible","Not Applicable","Missing Information","Not Present","Not Applicable","Present","Sufficient","","gpt-4o-mini-2024-07-18","Prompts_Raw_Final_V6_PilotApproved","1866","0","206","2072","0.00040350"
"2026-07-10T16:10:16","raw","full","15","139","MC-300396","valid_json","Executable","The report provides a clear method to reproduce the bug by describing the actions needed to test the status effect duration while the game is paused.","Not Assessed","Not Applicable","Not Applicable","Present","Accurate","Present","Sufficient","","gpt-4o-mini-2024-07-18","Prompts_Raw_Final_V6_PilotApproved","1887","0","239","2126","0.00042645"
"2026-07-10T16:10:20","raw","full","16","139","MC-300408","valid_json","Executable","The report provides a clear sequence of actions to reproduce the bug, detailing the setup and commands needed.","Not Assessed","Not Applicable","Not Applicable","Present","Accurate","Present","Sufficient","","gpt-4o-mini-2024-07-18","Prompts_Raw_Final_V6_PilotApproved","1994","0","222","2216","0.00043230"
"2026-07-10T16:10:24","raw","full","17","139","MC-300409","valid_json","Non-Executable","The report lacks critical details on how to consistently trigger the command block drop from the piglin.","Irreproducible","Not Applicable","Missing Information","Not Present","Not Applicable","Present","Sufficient","","gpt-4o-mini-2024-07-18","Prompts_Raw_Final_V6_PilotApproved","1861","0","201","2062","0.00039975"
"2026-07-10T16:10:27","raw","full","18","139","MC-300420","valid_json","Executable","The report provides a clear description of the intended bug behavior and the actions required to reproduce it, specifically regarding the sprint window settings and their effect on sprinting.","Not Assessed","Not Applicable","Not Applicable","Present","Accurate","Present","Sufficient","","gpt-4o-mini-2024-07-18","Prompts_Raw_Final_V6_PilotApproved","1865","0","250","2115","0.00042975"
"2026-07-10T16:10:31","raw","full","19","139","MC-300473","valid_json","Non-Executable","The report lacks specific details on how to create the invisible item frame and the exact commands used, making it unclear how to reproduce the issue.","Irreproducible","Not Applicable","Missing Information","Not Present","Not Applicable","Present","Sufficient","","gpt-4o-mini-2024-07-18","Prompts_Raw_Final_V6_PilotApproved","1891","0","235","2126","0.00042465"
"2026-07-10T16:10:35","raw","full","20","139","MC-300497","valid_json","Non-Executable","The report does not specify how the Intel Driver is being used or what specific actions lead to the inability to play the game.","Irreproducible","Not Applicable","Missing Information","Not Present","Not Applicable","Present","Insufficient","","gpt-4o-mini-2024-07-18","Prompts_Raw_Final_V6_PilotApproved","1802","0","216","2018","0.00039990"
"2026-07-10T16:10:39","raw","full","21","139","MC-300515","valid_json","Non-Executable","The report does not specify how to trigger the teleportation behavior of endermen in boats, making it unclear how to reproduce the issue.","Irreproducible","Not Applicable","Missing Information","Not Present","Not Applicable","Present","Sufficient","","gpt-4o-mini-2024-07-18","Prompts_Raw_Final_V6_PilotApproved","1794","0","227","2021","0.00040530"
"2026-07-10T16:10:43","raw","full","22","139","MC-300516","valid_json","Non-Executable","The report does not specify how to trigger the patrols or the conditions under which they spawn, making it unclear how to reproduce the issue.","Irreproducible","Not Applicable","Missing Information","Not Present","Not Applicable","Present","Sufficient","","gpt-4o-mini-2024-07-18","Prompts_Raw_Final_V6_PilotApproved","1789","0","235","2024","0.00040935"
"2026-07-10T16:10:48","raw","full","23","139","MC-300519","valid_json","Non-Executable","The report lacks specific details about the seeds or environments where the bug occurs, making it unclear how to reproduce the issue.","Irreproducible","Not Applicable","Missing Information","Present","Accurate","Present","Sufficient","","gpt-4o-mini-2024-07-18","Prompts_Raw_Final_V6_PilotApproved","1816","0","218","2034","0.00040320"
"2026-07-10T16:10:52","raw","full","24","139","MC-300524","valid_json","Executable","The report provides a clear description of the bug behavior, including the conditions under which hostile mobs do not spawn, making it actionable for testing.","Not Assessed","Not Applicable","Not Applicable","Present","Accurate","Present","Sufficient","","gpt-4o-mini-2024-07-18","Prompts_Raw_Final_V6_PilotApproved","1833","0","224","2057","0.00040935"
"2026-07-10T16:10:56","raw","full","25","139","MC-300526","valid_json","Executable","The report provides enough information about the main action (unpausing the game) and the observed behavior (fluctuating FPS) to attempt to reproduce the issue.","Not Assessed","Not Applicable","Not Applicable","Not Present","Not Applicable","Present","Sufficient","","gpt-4o-mini-2024-07-18","Prompts_Raw_Final_V6_PilotApproved","1832","0","221","2053","0.00040740"
"2026-07-10T16:11:00","raw","full","26","139","MC-300527","valid_json","Non-Executable","The report does not specify how to trigger the bug or the specific conditions under which the moon phases appear over and below the sun.","Irreproducible","Not Applicable","Missing Information","Not Present","Not Applicable","Present","Sufficient","","gpt-4o-mini-2024-07-18","Prompts_Raw_Final_V6_PilotApproved","1820","0","216","2036","0.00040260"
"2026-07-10T16:11:05","raw","full","27","139","MC-300529","valid_json","Executable","The report provides a clear description of the bug occurring after waking up from sleeping in bed, which allows for an attempt to reproduce the issue.","Not Assessed","Not Applicable","Not Applicable","Not Present","Not Applicable","Present","Sufficient","","gpt-4o-mini-2024-07-18","Prompts_Raw_Final_V6_PilotApproved","1808","0","222","2030","0.00040440"
"2026-07-10T16:11:08","raw","full","28","139","MC-300530","valid_json","Non-Executable","The report lacks specific details on how to consistently trigger the inventory glitch, making it unclear how to reproduce the issue.","Irreproducible","Not Applicable","Missing Information","Not Present","Not Applicable","Present","Sufficient","","gpt-4o-mini-2024-07-18","Prompts_Raw_Final_V6_PilotApproved","1834","0","234","2068","0.00041550"
"2026-07-10T16:11:12","raw","full","29","139","MC-300535","valid_json","Executable","The report provides a detailed description of the bug behavior and specific cases, allowing for an attempt to reproduce the issue.","Not Assessed","Not Applicable","Not Applicable","Not Present","Not Applicable","Present","Sufficient","","gpt-4o-mini-2024-07-18","Prompts_Raw_Final_V6_PilotApproved","2127","0","200","2327","0.00043905"
"2026-07-10T16:11:16","raw","full","30","139","MC-300539","valid_json","Executable","The report provides a clear description of how to reproduce the bug by creating a world and waiting for night, which allows for an attempt to verify the bug.","Not Assessed","Not Applicable","Not Applicable","Present","Accurate","Present","Sufficient","","gpt-4o-mini-2024-07-18","Prompts_Raw_Final_V6_PilotApproved","1880","0","246","2126","0.00042960"
"2026-07-10T16:11:21","raw","full","31","139","MC-300546","valid_json","Non-Executable","The report does not specify how to trigger the spawning of pillagers or the conditions under which they are passive.","Irreproducible","Not Applicable","Missing Information","Not Present","Not Applicable","Present","Sufficient","","gpt-4o-mini-2024-07-18","Prompts_Raw_Final_V6_PilotApproved","1804","0","212","2016","0.00039780"
"2026-07-10T16:11:28","raw","full","32","139","MC-300562","valid_json","Executable","The report provides a clear description of the bug behavior involving the Ender Dragon and arrow velocity, allowing for an attempt to reproduce the issue.","Not Assessed","Not Applicable","Not Applicable","Present","Accurate","Present","Sufficient","","gpt-4o-mini-2024-07-18","Prompts_Raw_Final_V6_PilotApproved","2092","0","228","2320","0.00045060"
"2026-07-10T16:11:33","raw","full","33","139","MC-300572","valid_json","Executable","The report provides a clear description of the intended behavior and the observed behavior, allowing for an attempt to reproduce the issue.","Not Assessed","Not Applicable","Not Applicable","Present","Accurate","Present","Sufficient","","gpt-4o-mini-2024-07-18","Prompts_Raw_Final_V6_PilotApproved","1858","0","206","2064","0.00040230"
"2026-07-10T16:11:40","raw","full","34","139","MC-300574","valid_json","Non-Executable","The report does not specify how to trigger the zombies standing still on a campfire, lacking critical setup details.","Irreproducible","Not Applicable","Missing Information","Not Present","Not Applicable","Present","Sufficient","","gpt-4o-mini-2024-07-18","Prompts_Raw_Final_V6_PilotApproved","1784","0","201","1985","0.00038820"
"2026-07-10T16:11:43","raw","full","35","139","MC-300598","valid_json","Non-Executable","The report describes a symptom (fire animation on mobs) but does not provide a clear method to trigger or reproduce the issue.","Irreproducible","Not Applicable","Missing Information","Not Present","Not Applicable","Present","Sufficient","","gpt-4o-mini-2024-07-18","Prompts_Raw_Final_V6_PilotApproved","1795","0","211","2006","0.00039585"
"2026-07-10T16:11:47","raw","full","36","139","MC-300599","valid_json","Non-Executable","The report does not specify how to trigger the cloning of the flying machine or the specific conditions under which the issue occurs.","Irreproducible","Not Applicable","Missing Information","Not Present","Not Applicable","Present","Sufficient","","gpt-4o-mini-2024-07-18","Prompts_Raw_Final_V6_PilotApproved","1811","0","218","2029","0.00040245"
"2026-07-10T16:11:51","raw","full","37","139","MC-300602","valid_json","Non-Executable","The report describes trees growing in water but lacks specific details on how to trigger this behavior or the conditions under which it occurs.","Irreproducible","Not Applicable","Missing Information","Not Present","Not Applicable","Present","Sufficient","","gpt-4o-mini-2024-07-18","Prompts_Raw_Final_V6_PilotApproved","1797","0","211","2008","0.00039615"
"2026-07-10T16:11:55","raw","full","38","139","MC-300607","valid_json","Executable","The report provides enough detail about the conditions under which the bug occurs, including the types of mobs spawning and the darkness of the world, allowing for an attempt to reproduce the issue.","Not Assessed","Not Applicable","Not Applicable","Present","Accurate","Present","Sufficient","","gpt-4o-mini-2024-07-18","Prompts_Raw_Final_V6_PilotApproved","2045","0","242","2287","0.00045195"
"2026-07-10T16:11:59","raw","full","39","139","MC-300611","valid_json","Executable","The report provides a clear description of the bug behavior, indicating that zombie piglins are spawning excessively around the nether portal in the overworld, which allows for an attempt to reproduce the issue.","Not Assessed","Not Applicable","Not Applicable","Not Present","Not Applicable","Present","Sufficient","","gpt-4o-mini-2024-07-18","Prompts_Raw_Final_V6_PilotApproved","1851","0","228","2079","0.00041445"
"2026-07-10T16:12:03","raw","full","40","139","MC-300612","valid_json","Executable","The report provides a clear description of the bug behavior involving mobs floating instead of walking, which allows for an attempt to reproduce the issue.","Not Assessed","Not Applicable","Not Applicable","Present","Accurate","Present","Sufficient","","gpt-4o-mini-2024-07-18","Prompts_Raw_Final_V6_PilotApproved","1841","0","206","2047","0.00039975"
"2026-07-10T16:12:06","raw","full","41","139","MC-300614","valid_json","Executable","The report provides a clear description of the bug behavior when attempting to eat food, including the main action (holding food in the main hand) and the observed outcome (food not being consumed).","Not Assessed","Not Applicable","Not Applicable","Present","Accurate","Present","Sufficient","","gpt-4o-mini-2024-07-18","Prompts_Raw_Final_V6_PilotApproved","1849","0","240","2089","0.00042135"
"2026-07-10T16:12:10","raw","full","42","139","MC-300618","valid_json","Non-Executable","The report describes a symptom of durability issues but lacks specific details on how to reproduce the problem, such as the exact actions taken before the tools showed the glitch.","Irreproducible","Not Applicable","Missing Information","Not Present","Not Applicable","Present","Sufficient","","gpt-4o-mini-2024-07-18","Prompts_Raw_Final_V6_PilotApproved","1921","0","230","2151","0.00042615"
"2026-07-10T16:12:16","raw","full","43","139","MC-300620","valid_json","Executable","The report provides a clear description of the bug behavior related to the fishing bobber's OnGround flag, allowing for an attempt to reproduce the issue.","Not Assessed","Not Applicable","Not Applicable","Not Present","Not Applicable","Present","Sufficient","","gpt-4o-mini-2024-07-18","Prompts_Raw_Final_V6_PilotApproved","1822","0","231","2053","0.00041190"
"2026-07-10T16:12:19","raw","full","44","139","MC-300634","valid_json","Non-Executable","The report describes lag or hang but lacks specific details on how to consistently reproduce the issue, such as the exact conditions or actions leading to the lag.","Irreproducible","Not Applicable","Missing Information","Not Present","Not Applicable","Present","Sufficient","","gpt-4o-mini-2024-07-18","Prompts_Raw_Final_V6_PilotApproved","1829","0","224","2053","0.00040875"
"2026-07-10T16:12:23","raw","full","45","139","MC-300643","valid_json","Executable","The report provides sufficient detail about the hardware and the issue experienced, allowing for an attempt to reproduce the problem.","Not Assessed","Not Applicable","Not Applicable","Not Present","Not Applicable","Present","Sufficient","","gpt-4o-mini-2024-07-18","Prompts_Raw_Final_V6_PilotApproved","2064","0","211","2275","0.00043620"
"2026-07-10T16:12:26","raw","full","46","139","MC-300647","valid_json","Non-Executable","The report does not specify how the action of placing a torch is attempted or what specific conditions lead to the inability to do so.","Irreproducible","Not Applicable","Missing Information","Not Present","Not Applicable","Present","Insufficient","","gpt-4o-mini-2024-07-18","Prompts_Raw_Final_V6_PilotApproved","1779","0","216","1995","0.00039645"
"2026-07-10T16:12:30","raw","full","47","139","MC-300649","valid_json","Executable","The report provides a clear path to reproduce the issue by creating and activating a resource pack with overlays, which is specific enough for another evaluator to attempt.","Not Assessed","Not Applicable","Not Applicable","Present","Accurate","Present","Sufficient","","gpt-4o-mini-2024-07-18","Prompts_Raw_Final_V6_PilotApproved","1841","0","239","2080","0.00041955"
"2026-07-10T16:12:34","raw","full","48","139","MC-300659","valid_json","Non-Executable","The report does not specify how the user attempted to download the launcher or what specific actions led to the inability to do so.","Irreproducible","Not Applicable","Missing Information","Not Present","Not Applicable","Present","Sufficient","","gpt-4o-mini-2024-07-18","Prompts_Raw_Final_V6_PilotApproved","1793","0","221","2014","0.00040155"
"2026-07-10T16:12:40","raw","full","49","139","MC-300683","valid_json","Executable","The report provides a clear description of the action (clicking on text-bearing blocks in UIs) and the resulting behavior (game crash), allowing for an attempt to reproduce the issue.","Not Assessed","Not Applicable","Not Applicable","Not Present","Not Applicable","Present","Sufficient","","gpt-4o-mini-2024-07-18","Prompts_Raw_Final_V6_PilotApproved","1809","0","222","2031","0.00040455"
"2026-07-10T16:12:43","raw","full","50","139","MC-300715","valid_json","Non-Executable","The report does not provide sufficient details on how to trigger the block glitch, making it unclear how to reproduce the issue.","Irreproducible","Not Applicable","Missing Information","Not Present","Not Applicable","Present","Insufficient","","gpt-4o-mini-2024-07-18","Prompts_Raw_Final_V6_PilotApproved","1799","0","224","2023","0.00040425"
"2026-07-10T16:12:47","raw","full","51","139","MC-300731","valid_json","Executable","The report provides a clear description of the bug behavior and the context in which it occurs, allowing for an attempt to reproduce the issue.","Not Assessed","Not Applicable","Not Applicable","Present","Accurate","Present","Sufficient","","gpt-4o-mini-2024-07-18","Prompts_Raw_Final_V6_PilotApproved","1873","0","224","2097","0.00041535"
"2026-07-10T16:12:51","raw","full","52","139","MC-300736","valid_json","Non-Executable","The report describes a visual glitch but does not provide enough detail on how to trigger or observe the issue.","Irreproducible","Not Applicable","Missing Information","Not Present","Not Applicable","Present","Sufficient","","gpt-4o-mini-2024-07-18","Prompts_Raw_Final_V6_PilotApproved","1786","0","203","1989","0.00038970"
"2026-07-10T16:12:55","raw","full","53","139","MC-300737","valid_json","Executable","The report provides a concrete attempt path by describing the conditions under which the crash occurs, including the use of a HashMap and the specific methods that trigger the exception.","Not Assessed","Not Applicable","Not Applicable","Not Present","Not Applicable","Present","Sufficient","","gpt-4o-mini-2024-07-18","Prompts_Raw_Final_V6_PilotApproved","2053","0","222","2275","0.00044115"
"2026-07-10T16:12:59","raw","full","54","139","MC-300745","valid_json","Executable","The report provides a clear description of the bug involving the copper golem's behavior at the edge of a platform, allowing for an attempt to reproduce the issue.","Not Assessed","Not Applicable","Not Applicable","Not Present","Not Applicable","Present","Sufficient","","gpt-4o-mini-2024-07-18","Prompts_Raw_Final_V6_PilotApproved","1822","0","235","2057","0.00041430"
"2026-07-10T16:13:02","raw","full","55","139","MC-300760","valid_json","Non-Executable","The report does not provide a clear trigger or sequence of actions that lead to the observed issue with the Realms list sorting.","Irreproducible","Not Applicable","Missing Information","Not Present","Not Applicable","Present","Sufficient","","gpt-4o-mini-2024-07-18","Prompts_Raw_Final_V6_PilotApproved","1850","0","224","2074","0.00041190"
"2026-07-10T16:13:06","raw","full","56","139","MC-300761","valid_json","Non-Executable","The report does not specify how to trigger the HDR function being turned off, making it unclear how to reproduce the issue.","Irreproducible","Not Applicable","Missing Information","Not Present","Not Applicable","Present","Sufficient","","gpt-4o-mini-2024-07-18","Prompts_Raw_Final_V6_PilotApproved","1795","0","220","2015","0.00040125"
"2026-07-10T16:13:10","raw","full","57","139","MC-300768","valid_json","Non-Executable","The report does not specify how the portals were linked or the exact steps taken to reproduce the issue, making it unclear how to trigger the bug.","Irreproducible","Not Applicable","Missing Information","Present","Accurate","Present","Sufficient","","gpt-4o-mini-2024-07-18","Prompts_Raw_Final_V6_PilotApproved","1828","0","219","2047","0.00040560"
"2026-07-10T16:13:15","raw","full","58","139","MC-300774","valid_json","Non-Executable","The report does not specify how to trigger the streaming issue in Discord, making it unclear how to reproduce the problem.","Irreproducible","Not Applicable","Missing Information","Not Present","Not Applicable","Present","Sufficient","","gpt-4o-mini-2024-07-18","Prompts_Raw_Final_V6_PilotApproved","1818","0","216","2034","0.00040230"
"2026-07-10T16:13:20","raw","full","59","139","MC-300776","valid_json","Executable","The report provides a clear description of the intended bug behavior and the main action (flying downward with fireworks using an elytra), allowing for an attempt to reproduce the issue.","Not Assessed","Not Applicable","Not Applicable","Present","Accurate","Present","Sufficient","","gpt-4o-mini-2024-07-18","Prompts_Raw_Final_V6_PilotApproved","1914","0","244","2158","0.00043350"
"2026-07-10T16:13:23","raw","full","60","139","MC-300778","valid_json","Non-Executable","The report does not specify the exact conditions or setup required for the calibrated sculk sensor to trigger, making it unclear how to reproduce the issue.","Irreproducible","Not Applicable","Missing Information","Present","Accurate","Present","Sufficient","","gpt-4o-mini-2024-07-18","Prompts_Raw_Final_V6_PilotApproved","1825","0","233","2058","0.00041355"
"2026-07-10T16:13:27","raw","full","61","139","MC-300786","valid_json","Non-Executable","The report describes issues with Arabic language support but does not specify how to trigger or reproduce these issues in the game.","Irreproducible","Not Applicable","Missing Information","Present","Accurate","Present","Sufficient","","gpt-4o-mini-2024-07-18","Prompts_Raw_Final_V6_PilotApproved","1874","0","220","2094","0.00041310"
"2026-07-10T16:13:31","raw","full","62","139","MC-300789","valid_json","Non-Executable","The report describes floating vines but lacks details on how to trigger or observe this behavior, such as specific locations or conditions.","Irreproducible","Not Applicable","Missing Information","Not Present","Not Applicable","Present","Sufficient","","gpt-4o-mini-2024-07-18","Prompts_Raw_Final_V6_PilotApproved","1786","0","200","1986","0.00038790"
"2026-07-10T16:13:35","raw","full","63","139","MC-300792","valid_json","Non-Executable","The report does not specify the context or environment in which the camera behavior occurs, making it unclear how to reproduce the issue.","Irreproducible","Not Applicable","Missing Information","Not Present","Not Applicable","Present","Sufficient","","gpt-4o-mini-2024-07-18","Prompts_Raw_Final_V6_PilotApproved","1802","0","212","2014","0.00039750"
"2026-07-10T16:13:40","raw","full","64","139","MC-300793","valid_json","Non-Executable","The report does not specify how the player died or the exact circumstances under which experience gain stopped, making it unclear how to reproduce the issue.","Irreproducible","Not Applicable","Missing Information","Not Present","Not Applicable","Present","Sufficient","","gpt-4o-mini-2024-07-18","Prompts_Raw_Final_V6_PilotApproved","1810","0","224","2034","0.00040590"
"2026-07-10T16:13:44","raw","full","65","139","MC-300806","valid_json","Non-Executable","The report does not specify how the structure block was broken or what the expected outcome was after breaking it, making it unclear how to reproduce the issue.","Irreproducible","Not Applicable","Missing Information","Not Present","Not Applicable","Present","Sufficient","","gpt-4o-mini-2024-07-18","Prompts_Raw_Final_V6_PilotApproved","1825","0","234","2059","0.00041415"
"2026-07-10T16:13:48","raw","full","66","139","MC-300807","valid_json","Executable","The report provides a clear description of the steps to reproduce the issue by running the data generator and searching for specific block type IDs.","Not Assessed","Not Applicable","Not Applicable","Present","Accurate","Present","Sufficient","","gpt-4o-mini-2024-07-18","Prompts_Raw_Final_V6_PilotApproved","1991","0","247","2238","0.00044685"
"2026-07-10T16:13:52","raw","full","67","139","MC-300809","valid_json","Non-Executable","The report does not specify the exact conditions or actions needed to trigger the inability to remove blocks from the inventory.","Irreproducible","Not Applicable","Missing Information","Present","Accurate","Present","Sufficient","","gpt-4o-mini-2024-07-18","Prompts_Raw_Final_V6_PilotApproved","1842","0","208","2050","0.00040110"
"2026-07-10T16:13:55","raw","full","68","139","MC-300815","valid_json","Non-Executable","The report does not specify how the green book was used in the crafting table or the exact steps taken to attempt crafting the Soul Lantern.","Irreproducible","Not Applicable","Missing Information","Present","Accurate","Present","Sufficient","","gpt-4o-mini-2024-07-18","Prompts_Raw_Final_V6_PilotApproved","1816","0","224","2040","0.00040680"
"2026-07-10T16:13:59","raw","full","69","139","MC-300836","valid_json","Executable","The report provides a clear description of the actions taken and the resulting bug behavior, allowing for an attempt to reproduce the issue.","Not Assessed","Not Applicable","Not Applicable","Present","Accurate","Present","Sufficient","","gpt-4o-mini-2024-07-18","Prompts_Raw_Final_V6_PilotApproved","1853","0","211","2064","0.00040455"
"2026-07-10T16:14:02","raw","full","70","139","MC-300843","valid_json","Non-Executable","The report describes a symptom of the locator bar glitching but does not provide enough detail on how to trigger this behavior or the specific conditions under which it occurs.","Irreproducible","Not Applicable","Missing Information","Not Present","Not Applicable","Present","Sufficient","","gpt-4o-mini-2024-07-18","Prompts_Raw_Final_V6_PilotApproved","1813","0","228","2041","0.00040875"
"2026-07-10T16:14:06","raw","full","71","139","MC-300844","valid_json","Non-Executable","The report describes the symptom of the skeleton's bow floating under its hand but does not provide enough detail on how to trigger or observe this behavior.","Irreproducible","Not Applicable","Missing Information","Not Present","Not Applicable","Present","Sufficient","","gpt-4o-mini-2024-07-18","Prompts_Raw_Final_V6_PilotApproved","1785","0","218","2003","0.00039855"
"2026-07-10T16:14:11","raw","full","72","139","MC-300845","valid_json","Non-Executable","The report does not specify how to trigger the loading screen issue, making it unclear how to reproduce the bug.","Irreproducible","Not Applicable","Missing Information","Not Present","Not Applicable","Present","Sufficient","","gpt-4o-mini-2024-07-18","Prompts_Raw_Final_V6_PilotApproved","1806","0","216","2022","0.00040050"
"2026-07-10T16:14:14","raw","full","73","139","MC-300851","valid_json","Non-Executable","The report does not provide sufficient detail on how to trigger the duplication of angry wolves, making it unclear how to reproduce the issue.","Irreproducible","Not Applicable","Missing Information","Not Present","Not Applicable","Not Present","Not Applicable","","gpt-4o-mini-2024-07-18","Prompts_Raw_Final_V6_PilotApproved","1796","0","210","2006","0.00039540"
"2026-07-10T16:14:18","raw","full","74","139","MC-300860","valid_json","Non-Executable","The report lacks clear details on how to trigger the bug, such as specific actions or commands needed to replicate the enchantment behavior.","Irreproducible","Not Applicable","Missing Information","Not Present","Not Applicable","Present","Sufficient","","gpt-4o-mini-2024-07-18","Prompts_Raw_Final_V6_PilotApproved","1891","0","211","2102","0.00041025"
"2026-07-10T16:14:21","raw","full","75","139","MC-300861","valid_json","Non-Executable","The report does not specify how to trigger the infinite block respawn behavior, making it unclear how to reproduce the issue.","Irreproducible","Not Applicable","Missing Information","Not Present","Not Applicable","Present","Sufficient","","gpt-4o-mini-2024-07-18","Prompts_Raw_Final_V6_PilotApproved","1797","0","213","2010","0.00039735"
"2026-07-10T16:14:25","raw","full","76","139","MC-300872","valid_json","Non-Executable","The report lacks specific details on how to consistently trigger the bug, as it mentions the behavior occurs randomly without clear steps.","Irreproducible","Not Applicable","Missing Information","Not Present","Not Applicable","Present","Sufficient","","gpt-4o-mini-2024-07-18","Prompts_Raw_Final_V6_PilotApproved","1867","0","219","2086","0.00041145"
"2026-07-10T16:14:28","raw","full","77","139","MC-300874","valid_json","Executable","The report provides a clear description of the bug behavior involving neutral/hostile mobs and a tamed wolf, allowing for an attempt to reproduce the issue.","Not Assessed","Not Applicable","Not Applicable","Not Present","Not Applicable","Present","Sufficient","","gpt-4o-mini-2024-07-18","Prompts_Raw_Final_V6_PilotApproved","1835","0","224","2059","0.00040965"
"2026-07-10T16:14:31","raw","full","78","139","MC-300875","valid_json","Executable","The report provides a clear description of the action (breaking a gold-related block) and the intended bug behavior (Piglin Brutes not being aggravated), allowing for an attempt to reproduce the issue.","Not Assessed","Not Applicable","Not Applicable","Present","Accurate","Present","Sufficient","","gpt-4o-mini-2024-07-18","Prompts_Raw_Final_V6_PilotApproved","1788","0","238","2026","0.00041100"
"2026-07-10T16:14:35","raw","full","79","139","MC-300876","valid_json","Non-Executable","The report describes the issue of world generation differences but lacks specific details on how to reproduce the behavior, such as the exact seed or conditions under which the differences occur.","Irreproducible","Not Applicable","Missing Information","Not Present","Not Applicable","Present","Sufficient","","gpt-4o-mini-2024-07-18","Prompts_Raw_Final_V6_PilotApproved","1841","0","231","2072","0.00041475"
"2026-07-10T16:14:38","raw","full","80","139","MC-300877","valid_json","Executable","The report provides a clear description of the bug, indicating that experience is dropped when mining quartz but not counted towards the player's level, allowing for an attempt to reproduce the issue.","Not Assessed","Not Applicable","Not Applicable","Present","Accurate","Present","Sufficient","","gpt-4o-mini-2024-07-18","Prompts_Raw_Final_V6_PilotApproved","1795","0","233","2028","0.00040905"
"2026-07-10T16:14:43","raw","full","81","139","MC-300881","valid_json","Executable","The report provides a clear description of the intended action (reporting a player skin) and the observed issue (the widget is no longer interactive), allowing for an attempt to reproduce the bug.","Not Assessed","Not Applicable","Not Applicable","Present","Accurate","Present","Sufficient","","gpt-4o-mini-2024-07-18","Prompts_Raw_Final_V6_PilotApproved","1824","0","239","2063","0.00041700"
"2026-07-10T16:14:46","raw","full","82","139","MC-300886","valid_json","Non-Executable","The report does not specify how the player is attempting to fly in creative mode, which is critical for reproducing the issue.","Irreproducible","Not Applicable","Missing Information","Present","Accurate","Present","Sufficient","","gpt-4o-mini-2024-07-18","Prompts_Raw_Final_V6_PilotApproved","1828","0","219","2047","0.00040560"
"2026-07-10T16:14:50","raw","full","83","139","MC-300889","valid_json","Executable","The report provides enough information to understand that a pumpkin can be carved with any object, which allows for an attempt to reproduce the behavior.","Not Assessed","Not Applicable","Not Applicable","Not Present","Not Applicable","Present","Sufficient","","gpt-4o-mini-2024-07-18","Prompts_Raw_Final_V6_PilotApproved","1816","0","214","2030","0.00040080"
"2026-07-10T16:14:53","raw","full","84","139","MC-300891","valid_json","Non-Executable","The report does not specify how the music disc 'tears' is used or the conditions under which the jukebox's playing state is observed.","Irreproducible","Not Applicable","Missing Information","Not Present","Not Applicable","Present","Sufficient","","gpt-4o-mini-2024-07-18","Prompts_Raw_Final_V6_PilotApproved","1803","0","215","2018","0.00039945"
"2026-07-10T16:14:56","raw","full","85","139","MC-300894","valid_json","Executable","The report provides a clear description of the actions taken to reproduce the bug, including the command used to set the age of the Happy Ghast and the observed rendering issue.","Not Assessed","Not Applicable","Not Applicable","Present","Accurate","Present","Sufficient","","gpt-4o-mini-2024-07-18","Prompts_Raw_Final_V6_PilotApproved","1893","0","248","2141","0.00043275"
"2026-07-10T16:15:00","raw","full","86","139","MC-300898","valid_json","Executable","The report provides a clear description of the bug behavior, indicating that wearing Netherite armor results in it appearing as Diamond armor, which allows for an attempt to reproduce the issue.","Not Assessed","Not Applicable","Not Applicable","Present","Accurate","Present","Sufficient","","gpt-4o-mini-2024-07-18","Prompts_Raw_Final_V6_PilotApproved","1818","0","236","2054","0.00041430"
"2026-07-10T16:15:04","raw","full","87","139","MC-300902","valid_json","Executable","The report provides a clear description of the bug behavior related to the anvil GUI, allowing for an attempt to reproduce the issue.","Not Assessed","Not Applicable","Not Applicable","Present","Accurate","Present","Sufficient","","gpt-4o-mini-2024-07-18","Prompts_Raw_Final_V6_PilotApproved","1824","0","225","2049","0.00040860"
"2026-07-10T16:15:07","raw","full","88","139","MC-300903","valid_json","Executable","The report provides a clear description of the intended behavior, the setup with Copper Golems and chests, and the observed issue with item sorting, allowing for an attempt to reproduce the bug.","Not Assessed","Not Applicable","Not Applicable","Present","Accurate","Present","Sufficient","","gpt-4o-mini-2024-07-18","Prompts_Raw_Final_V6_PilotApproved","2036","0","245","2281","0.00045240"
"2026-07-10T16:15:12","raw","full","89","139","MC-300905","valid_json","Non-Executable","The report does not provide a clear method to trigger the bug, making it impossible to reproduce.","Irreproducible","Not Applicable","Missing Information","Not Present","Not Applicable","Present","Sufficient","","gpt-4o-mini-2024-07-18","Prompts_Raw_Final_V6_PilotApproved","1897","0","206","2103","0.00040815"
"2026-07-10T16:15:16","raw","full","90","139","MC-300915","valid_json","Executable","The report provides a clear description of the actions taken and the resulting behavior, allowing for an attempt to reproduce the issue.","Not Assessed","Not Applicable","Not Applicable","Not Present","Not Applicable","Present","Sufficient","","gpt-4o-mini-2024-07-18","Prompts_Raw_Final_V6_PilotApproved","1952","0","214","2166","0.00042120"
"2026-07-10T16:15:19","raw","full","91","139","MC-300925","valid_json","Executable","The report provides a clear description of how to set up the scenario and what actions to take to observe the bug.","Not Assessed","Not Applicable","Not Applicable","Present","Accurate","Present","Sufficient","","gpt-4o-mini-2024-07-18","Prompts_Raw_Final_V6_PilotApproved","1963","0","216","2179","0.00042405"
"2026-07-10T16:15:25","raw","full","92","139","MC-300927","valid_json","Non-Executable","The report does not specify how to trigger the issue or the specific actions taken before encountering the bug.","Irreproducible","Not Applicable","Missing Information","Not Present","Not Applicable","Present","Sufficient","","gpt-4o-mini-2024-07-18","Prompts_Raw_Final_V6_PilotApproved","1830","0","210","2040","0.00040050"
"2026-07-10T16:15:34","raw","full","93","139","MC-300934","valid_json","Non-Executable","The report lacks specific details on how to reproduce the issue, such as the exact steps taken after changing the Minecraft name and the conditions under which the game restarted.","Irreproducible","Not Applicable","Missing Information","Not Present","Not Applicable","Present","Sufficient","","gpt-4o-mini-2024-07-18","Prompts_Raw_Final_V6_PilotApproved","1850","0","237","2087","0.00041970"
"2026-07-10T16:15:39","raw","full","94","139","MC-300935","valid_json","Non-Executable","The report lacks clear details on how to trigger the bug, specifically the conditions under which the redstone torch flickers and the launcher does not throw the projectile.","Irreproducible","Not Applicable","Missing Information","Present","Accurate","Present","Sufficient","","gpt-4o-mini-2024-07-18","Prompts_Raw_Final_V6_PilotApproved","1850","0","241","2091","0.00042210"
"2026-07-10T16:15:43","raw","full","95","139","MC-300937","valid_json","Non-Executable","The report does not specify the exact steps taken to attempt unlocking the achievement, making it unclear how to reproduce the issue.","Irreproducible","Not Applicable","Missing Information","Present","Accurate","Present","Sufficient","","gpt-4o-mini-2024-07-18","Prompts_Raw_Final_V6_PilotApproved","1828","0","226","2054","0.00040980"
"2026-07-10T16:15:46","raw","full","96","139","MC-300943","valid_json","Non-Executable","The report does not specify how to access the settings or the context in which the issue occurs, making it unclear how to reproduce the bug.","Irreproducible","Not Applicable","Missing Information","Present","Accurate","Present","Sufficient","","gpt-4o-mini-2024-07-18","Prompts_Raw_Final_V6_PilotApproved","1803","0","225","2028","0.00040545"
"2026-07-10T16:15:50","raw","full","97","139","MC-300953","valid_json","Non-Executable","The report describes a performance issue but lacks specific details on how to reproduce the problem, such as the exact settings or actions taken that led to the fps drop.","Irreproducible","Not Applicable","Missing Information","Not Present","Not Applicable","Present","Sufficient","","gpt-4o-mini-2024-07-18","Prompts_Raw_Final_V6_PilotApproved","1889","0","215","2104","0.00041235"
"2026-07-10T16:15:54","raw","full","98","139","MC-300957","valid_json","Non-Executable","The report describes a frozen game state but lacks specific details on how to trigger this issue, such as actions taken before the freeze or specific conditions in the world.","Irreproducible","Not Applicable","Missing Information","Not Present","Not Applicable","Present","Sufficient","","gpt-4o-mini-2024-07-18","Prompts_Raw_Final_V6_PilotApproved","1788","0","228","2016","0.00040500"
"2026-07-10T16:15:59","raw","full","99","139","MC-300962","valid_json","Executable","The report provides a clear description of the actions taken and the conditions under which the bug occurs, allowing for an attempt to reproduce the issue.","Not Assessed","Not Applicable","Not Applicable","Present","Accurate","Present","Sufficient","","gpt-4o-mini-2024-07-18","Prompts_Raw_Final_V6_PilotApproved","1888","0","218","2106","0.00041400"
"2026-07-10T16:16:04","raw","full","100","139","MC-300973","valid_json","Non-Executable","The report does not specify how to properly observe the oxidation of the copper golem, lacking critical details about the command's context or the state of the golem.","Irreproducible","Not Applicable","Missing Information","Present","Accurate","Present","Sufficient","","gpt-4o-mini-2024-07-18","Prompts_Raw_Final_V6_PilotApproved","1817","0","216","2033","0.00040215"
"2026-07-10T16:16:08","raw","full","101","139","MC-300980","valid_json","Non-Executable","The report does not specify how to trigger the bug or the exact settings used, making it unclear how to reproduce the issue.","Irreproducible","Not Applicable","Missing Information","Not Present","Not Applicable","Present","Sufficient","","gpt-4o-mini-2024-07-18","Prompts_Raw_Final_V6_PilotApproved","1808","0","208","2016","0.00039600"
"2026-07-10T16:16:11","raw","full","102","139","MC-300998","valid_json","Non-Executable","The report lacks any specific details about the bug, including the intended behavior, actions, or context needed to reproduce the issue.","Irreproducible","Not Applicable","Missing Information","Not Present","Not Applicable","Not Present","Not Applicable","","gpt-4o-mini-2024-07-18","Prompts_Raw_Final_V6_PilotApproved","1773","0","195","1968","0.00038295"
"2026-07-10T16:16:15","raw","full","103","139","MC-301008","valid_json","Executable","The report provides a clear description of the actions taken and the expected versus observed outcomes, allowing for an attempt to reproduce the issue.","Not Assessed","Not Applicable","Not Applicable","Present","Accurate","Present","Sufficient","","gpt-4o-mini-2024-07-18","Prompts_Raw_Final_V6_PilotApproved","2035","0","227","2262","0.00044145"
"2026-07-10T16:16:20","raw","full","104","139","MC-301018","valid_json","Non-Executable","The report does not specify how to trigger the pause action or the context in which the issue occurs.","Irreproducible","Not Applicable","Missing Information","Not Present","Not Applicable","Present","Sufficient","","gpt-4o-mini-2024-07-18","Prompts_Raw_Final_V6_PilotApproved","1793","0","204","1997","0.00039135"
"2026-07-10T16:16:23","raw","full","105","139","MC-301045","valid_json","Executable","The report provides a clear description of how to reproduce the bug by joining a multiplayer server with resource packs enabled on a device with Intel core graphics.","Not Assessed","Not Applicable","Not Applicable","Not Present","Not Applicable","Present","Sufficient","","gpt-4o-mini-2024-07-18","Prompts_Raw_Final_V6_PilotApproved","1982","0","221","2203","0.00042990"
"2026-07-10T16:16:26","raw","full","106","139","MC-301046","valid_json","Non-Executable","The report describes an error message but does not provide enough context on how to trigger the bug or the specific actions leading to the error.","Irreproducible","Not Applicable","Missing Information","Not Present","Not Applicable","Present","Sufficient","","gpt-4o-mini-2024-07-18","Prompts_Raw_Final_V6_PilotApproved","1892","0","206","2098","0.00040740"
"2026-07-10T16:16:30","raw","full","107","139","MC-301052","valid_json","Non-Executable","The report does not specify how to trigger the issue with the festive mashup pack, making it unclear how to reproduce the problem.","Irreproducible","Not Applicable","Missing Information","Not Present","Not Applicable","Present","Sufficient","","gpt-4o-mini-2024-07-18","Prompts_Raw_Final_V6_PilotApproved","1821","0","214","2035","0.00040155"
"2026-07-10T16:16:34","raw","full","108","139","MC-301059","valid_json","Executable","The report provides enough detail about placing torches in a tunnel and observing their disappearance, allowing for an attempt to reproduce the issue.","Not Assessed","Not Applicable","Not Applicable","Not Present","Not Applicable","Present","Sufficient","","gpt-4o-mini-2024-07-18","Prompts_Raw_Final_V6_PilotApproved","1824","0","210","2034","0.00039960"
"2026-07-10T16:16:38","raw","full","109","139","MC-301071","valid_json","Executable","The report provides a clear description of the bug behavior related to placing and breaking fence gates, which allows for an attempt to reproduce the issue.","Not Assessed","Not Applicable","Not Applicable","Present","Accurate","Present","Sufficient","","gpt-4o-mini-2024-07-18","Prompts_Raw_Final_V6_PilotApproved","1797","0","211","2008","0.00039615"
"2026-07-10T16:16:42","raw","full","110","139","MC-301073","valid_json","Non-Executable","The report lacks critical details on how to trigger the behavior, such as the specific actions taken with the lead and the boat setup.","Irreproducible","Not Applicable","Missing Information","Not Present","Not Applicable","Present","Sufficient","","gpt-4o-mini-2024-07-18","Prompts_Raw_Final_V6_PilotApproved","1847","0","217","2064","0.00040725"
"2026-07-10T16:16:46","raw","full","111","139","MC-301076","valid_json","Non-Executable","The report does not specify how the backup was used or what specific actions led to the inability to see days or biomes.","Irreproducible","Not Applicable","Missing Information","Not Present","Not Applicable","Present","Sufficient","","gpt-4o-mini-2024-07-18","Prompts_Raw_Final_V6_PilotApproved","1801","0","213","2014","0.00039795"
"2026-07-10T16:16:51","raw","full","112","139","MC-301106","valid_json","Executable","The report provides a clear description of the bug involving the copper golem and the lead disappearing when it turns into a statue while leashed, allowing for an attempt to reproduce the issue.","Not Assessed","Not Applicable","Not Applicable","Not Present","Not Applicable","Present","Sufficient","","gpt-4o-mini-2024-07-18","Prompts_Raw_Final_V6_PilotApproved","1809","0","237","2046","0.00041355"
"2026-07-10T16:16:55","raw","full","113","139","MC-301108","valid_json","Executable","The report provides a clear description of the actions leading to the bug, allowing for an attempt to reproduce the issue.","Not Assessed","Not Applicable","Not Applicable","Not Present","Not Applicable","Present","Sufficient","","gpt-4o-mini-2024-07-18","Prompts_Raw_Final_V6_PilotApproved","1835","0","209","2044","0.00040065"
"2026-07-10T16:16:59","raw","full","114","139","MC-301109","valid_json","Non-Executable","The report lacks specific details on how to trigger the bug, such as the exact conditions or sequence of actions leading to the duplication of items.","Irreproducible","Not Applicable","Missing Information","Not Present","Not Applicable","Present","Sufficient","","gpt-4o-mini-2024-07-18","Prompts_Raw_Final_V6_PilotApproved","1822","0","225","2047","0.00040830"
"2026-07-10T16:17:05","raw","full","115","139","MC-301111","valid_json","Non-Executable","The report does not specify how to trigger the breaking of the end portal frame, making it unclear how to reproduce the issue.","Irreproducible","Not Applicable","Missing Information","Present","Accurate","Present","Sufficient","","gpt-4o-mini-2024-07-18","Prompts_Raw_Final_V6_PilotApproved","1811","0","223","2034","0.00040545"
"2026-07-10T16:17:09","raw","full","116","139","MC-301117","valid_json","Non-Executable","The report lacks clear instructions on how to trigger the bug, including specific commands or actions needed to reproduce the issue.","Irreproducible","Not Applicable","Missing Information","Not Present","Not Applicable","Present","Insufficient","","gpt-4o-mini-2024-07-18","Prompts_Raw_Final_V6_PilotApproved","1911","0","229","2140","0.00042405"
"2026-07-10T16:17:13","raw","full","117","139","MC-301122","valid_json","Non-Executable","The report describes the symptom of the bug but does not provide a clear method to trigger or reproduce the issue.","Irreproducible","Not Applicable","Missing Information","Not Present","Not Applicable","Present","Sufficient","","gpt-4o-mini-2024-07-18","Prompts_Raw_Final_V6_PilotApproved","1819","0","208","2027","0.00039765"
"2026-07-10T16:17:16","raw","full","118","139","MC-301125","valid_json","Non-Executable","The report does not specify how to trigger the inability to mine or place blocks, making it unclear how to reproduce the issue.","Irreproducible","Not Applicable","Missing Information","Not Present","Not Applicable","Present","Sufficient","","gpt-4o-mini-2024-07-18","Prompts_Raw_Final_V6_PilotApproved","1803","0","207","2010","0.00039465"
"2026-07-10T16:17:20","raw","full","119","139","MC-301128","valid_json","Non-Executable","The report does not specify how the mouse stopped responding or the exact conditions under which the issue occurs, making it unclear how to reproduce the problem.","Irreproducible","Not Applicable","Missing Information","Not Present","Not Applicable","Present","Sufficient","","gpt-4o-mini-2024-07-18","Prompts_Raw_Final_V6_PilotApproved","1826","0","233","2059","0.00041370"
"2026-07-10T16:17:24","raw","full","120","139","MC-301131","valid_json","Non-Executable","The report does not specify how to trigger the floating behavior of spiders, making it unclear how to reproduce the issue.","Irreproducible","Not Applicable","Missing Information","Not Present","Not Applicable","Present","Sufficient","","gpt-4o-mini-2024-07-18","Prompts_Raw_Final_V6_PilotApproved","1783","0","214","1997","0.00039585"
"2026-07-10T16:17:27","raw","full","121","139","MC-301132","valid_json","Non-Executable","The report lacks specific details on how to consistently reproduce the issue, such as the exact conditions or actions leading to the item being unreachable.","Irreproducible","Not Applicable","Missing Information","Not Present","Not Applicable","Present","Sufficient","","gpt-4o-mini-2024-07-18","Prompts_Raw_Final_V6_PilotApproved","1845","0","220","2065","0.00040875"
"2026-07-10T16:17:31","raw","full","122","139","MC-301135","valid_json","Non-Executable","The report lacks a description of how the Iron Golems trigger the flower planting behavior, making it impossible to reproduce the issue.","Irreproducible","Not Applicable","Missing Information","Not Present","Not Applicable","Not Present","Not Applicable","","gpt-4o-mini-2024-07-18","Prompts_Raw_Final_V6_PilotApproved","1788","0","202","1990","0.00038940"
"2026-07-10T16:17:35","raw","full","123","139","MC-301141","valid_json","Non-Executable","The report does not specify how to trigger the bug or the specific conditions under which the carpet fails to stay on the transparent wall circuit.","Irreproducible","Not Applicable","Missing Information","Not Present","Not Applicable","Present","Sufficient","","gpt-4o-mini-2024-07-18","Prompts_Raw_Final_V6_PilotApproved","1816","0","219","2035","0.00040380"
"2026-07-10T16:17:38","raw","full","124","139","MC-301151","valid_json","Executable","The report provides a clear description of the bug behavior and the conditions under which it occurs, allowing for an attempt to reproduce the issue.","Not Assessed","Not Applicable","Not Applicable","Not Present","Not Applicable","Present","Sufficient","","gpt-4o-mini-2024-07-18","Prompts_Raw_Final_V6_PilotApproved","1906","0","215","2121","0.00041490"
"2026-07-10T16:17:41","raw","full","125","139","MC-301157","valid_json","Non-Executable","The report does not specify how to trigger the ghasts' pathfinding behavior into fire, nor does it provide details on the environment or conditions under which this behavior occurs.","Irreproducible","Not Applicable","Missing Information","Not Present","Not Applicable","Present","Sufficient","","gpt-4o-mini-2024-07-18","Prompts_Raw_Final_V6_PilotApproved","1803","0","222","2025","0.00040365"
"2026-07-10T16:17:46","raw","full","126","139","MC-301159","valid_json","Non-Executable","The report does not provide sufficient details on how to trigger the bug, such as the specific setup or actions needed to reproduce the issue with the rail junction on a redstone block.","Irreproducible","Not Applicable","Missing Information","Not Present","Not Applicable","Present","Sufficient","","gpt-4o-mini-2024-07-18","Prompts_Raw_Final_V6_PilotApproved","1819","0","234","2053","0.00041325"
"2026-07-10T16:17:49","raw","full","127","139","MC-301170","valid_json","Non-Executable","The report lacks specific details on how to trigger the Endermen's attack, making it unclear how to reproduce the issue.","Irreproducible","Not Applicable","Missing Information","Not Present","Not Applicable","Present","Sufficient","","gpt-4o-mini-2024-07-18","Prompts_Raw_Final_V6_PilotApproved","1821","0","213","2034","0.00040095"
"2026-07-10T16:17:52","raw","full","128","139","MC-301171","valid_json","Executable","The report provides a clear description of the actions needed to reproduce the bug, specifically entering a boat while holding right click or double right clicking.","Not Assessed","Not Applicable","Not Applicable","Not Present","Not Applicable","Present","Sufficient","","gpt-4o-mini-2024-07-18","Prompts_Raw_Final_V6_PilotApproved","1842","0","222","2064","0.00040950"
"2026-07-10T16:17:56","raw","full","129","139","MC-301173","valid_json","Executable","The report provides a clear description of the actions needed to reproduce the bug, including breaking a block above, pressing Q, and the resulting behavior with the item.","Not Assessed","Not Applicable","Not Applicable","Not Present","Not Applicable","Present","Sufficient","","gpt-4o-mini-2024-07-18","Prompts_Raw_Final_V6_PilotApproved","1884","0","228","2112","0.00041940"
"2026-07-10T16:18:02","raw","full","130","139","MC-301176","valid_json","Non-Executable","The report does not specify how the user attempted to change their skin or the context in which the issue occurs, making it unclear how to reproduce the problem.","Irreproducible","Not Applicable","Missing Information","Present","Accurate","Present","Sufficient","","gpt-4o-mini-2024-07-18","Prompts_Raw_Final_V6_PilotApproved","1832","0","245","2077","0.00042180"
"2026-07-10T16:18:06","raw","full","131","139","MC-301183","valid_json","Executable","The report provides a clear description of the actions taken with the Happy Ghasts and the resulting behavior, allowing for an attempt to reproduce the issue.","Not Assessed","Not Applicable","Not Applicable","Present","Accurate","Present","Sufficient","","gpt-4o-mini-2024-07-18","Prompts_Raw_Final_V6_PilotApproved","1809","0","228","2037","0.00040815"
"2026-07-10T16:18:10","raw","full","132","139","MC-301184","valid_json","Executable","The report provides a clear description of how to reproduce the bug, including the setup and actions needed.","Not Assessed","Not Applicable","Not Applicable","Present","Accurate","Present","Sufficient","","gpt-4o-mini-2024-07-18","Prompts_Raw_Final_V6_PilotApproved","2045","0","209","2254","0.00043215"
"2026-07-10T16:18:14","raw","full","133","139","MC-301202","valid_json","Executable","The report provides enough detail about the situation with the copper golem and its effects on villager functions, allowing for an attempt to reproduce the issue.","Not Assessed","Not Applicable","Not Applicable","Not Present","Not Applicable","Present","Sufficient","","gpt-4o-mini-2024-07-18","Prompts_Raw_Final_V6_PilotApproved","1898","0","227","2125","0.00042090"
"2026-07-10T16:18:17","raw","full","134","139","MC-301203","valid_json","Non-Executable","The report does not specify how the user changed their skin or what steps were taken to attempt to see the capes, making it unclear how to reproduce the issue.","Irreproducible","Not Applicable","Missing Information","Present","Accurate","Present","Sufficient","","gpt-4o-mini-2024-07-18","Prompts_Raw_Final_V6_PilotApproved","1833","0","242","2075","0.00042015"
"2026-07-10T16:18:21","raw","full","135","139","MC-301205","valid_json","Non-Executable","The report does not specify how the world was transferred or any specific actions taken prior to encountering the error, making it unclear how to reproduce the issue.","Irreproducible","Not Applicable","Missing Information","Not Present","Not Applicable","Present","Sufficient","","gpt-4o-mini-2024-07-18","Prompts_Raw_Final_V6_PilotApproved","1798","0","221","2019","0.00040230"
"2026-07-10T16:18:25","raw","full","136","139","MC-301221","valid_json","Non-Executable","The report does not specify the exact conditions or actions needed to reproduce the rendering issue, making it unclear how to trigger the bug.","Irreproducible","Not Applicable","Missing Information","Present","Accurate","Present","Sufficient","","gpt-4o-mini-2024-07-18","Prompts_Raw_Final_V6_PilotApproved","1857","0","222","2079","0.00041175"
"2026-07-10T16:18:28","raw","full","137","139","MC-301222","valid_json","Executable","The report provides enough detail about the observed behavior and the context in which it occurs, allowing for an attempt to reproduce the issue.","Not Assessed","Not Applicable","Not Applicable","Not Present","Not Applicable","Present","Sufficient","","gpt-4o-mini-2024-07-18","Prompts_Raw_Final_V6_PilotApproved","1814","0","217","2031","0.00040230"
"2026-07-10T16:18:32","raw","full","138","139","MC-301234","valid_json","Executable","The report provides enough information about the command '/rotate' and its effect on momentum, allowing for an attempt to reproduce the behavior.","Not Assessed","Not Applicable","Not Applicable","Not Present","Not Applicable","Present","Sufficient","","gpt-4o-mini-2024-07-18","Prompts_Raw_Final_V6_PilotApproved","1855","0","221","2076","0.00041085"
"2026-07-10T16:18:35","raw","full","139","139","MC-301252","valid_json","Non-Executable","The report does not specify how to trigger the issue with enchanted items, making it unclear how to reproduce the bug.","Irreproducible","Not Applicable","Missing Information","Present","Accurate","Present","Sufficient","","gpt-4o-mini-2024-07-18","Prompts_Raw_Final_V6_PilotApproved","1799","0","214","2013","0.00039825"
