id;title;authors;year;venue;search_strings;v1_decision;v1_reason;v2_decision;v2_reason
1;Understanding Onboarding in Software Engineering: A Systematic Review and Analytical Synthesis;"Otemaier, Kelly Rafaela; Alberge, Mariane; Reinehr, Sheila; Malucelli, Andreia";;Available at SSRN 6642014;String A;EXCLUDE;EC-O: Topic is about onboarding in SE, not bug report quality assessment. No focus on LLM evaluation of bug reports.;;
2;Optimising Helpdesk Efficiency: Separating Contextually Significant Emails from Low-Information Content Using an Entropy-Based Threshold;Fellows, Ryan;2026;;String A;EXCLUDE;IC-T, thesis;;
3;MCDM for selection of cybersecurity technologies used in cybersecurity education;Pal, Shapna Sultana;2022;;String A;EXCLUDE;EC-O: Topic is about cybersecurity technology selection for education, completely unrelated to bug report quality assessment.;;
4;Incident Management in B2B Payments: Challenges, Frameworks, and Emerging Best Practices;Roul, Sonman;2025;Journal of Computer Science and Technology Studies;String A;EXCLUDE;EC-O: About incident management in payments domain, not bug report quality evaluation. Different context and scope.;;
5;Converting Natural Language to Query Languages Using Large Language Models: A Systematic Literature Review;"Lima, Rayfran Rocha; Vasconcelos, Kamila Cardoso; Gadelha, Eloisa Mendonça";2025;Brazilian Symposium on Multimedia and the Web (WebMedia);String A;EXCLUDE;EC-O: Task is NL-to-query conversion, not bug report quality assessment. While it uses LLM, the application domain is different.;;
6;Seeking to Define the Nurse Navigator Role Through Framework;Halstead, Xochitl;2025;;String A;EXCLUDE;EC-O: Healthcare/nursing topic, completely unrelated to software bug reports or LLM-based quality assessment.;;
7;Collective Stress in the Digital Age;Oz, Talha;2020;;String A;EXCLUDE;EC-O: Social/psychological topic, no connection to bug report quality assessment.;;
8;Vom Studienregister zum automatischen Rekrutierungsvorschlag: IT-Unterstützung für die Rekrutierung in Klinischen Studien;Gulden, Christian;2022;;String A;EXCLUDE;IC-T, thesis;;
9;Social Sciences & Humanities Open;"Orsi, Balázs; Korondi, Péter; Csukonyi, Csilla; Papp, Dávid; Márkus, Panna; Joó, Bence Tamás Selejó; Neamah, Husam A.; Kovács, Karolina Eszter";;;String A;EXCLUDE;EC-N: This appears to be a journal name, not a paper title. Cannot assess without actual paper.;;
10;Empowering rationale-aware commit-based development;Dhaouadi, Mouna;2026;;String A;UNSURE;Could potentially relate to software quality/development practices, but title alone doesn't clearly indicate: (a) focus on bug report quality assessment, (b) use of LLM for evaluation, or (c) reproducibility criteria. Needs full-text review to confirm if it meets IC-P and IC-I.;EXCLUDE;Focuses on commit messages, not bug reports
11;The ACE Methodology: An Empirically Grounded Framework for AI Content Creation;Dutta, Biswajit;2025;;String A;EXCLUDE;EC-O: About AI content creation methodology, not bug report quality assessment. No focus on evaluating bug reports.;;
12;From expert judgment to human-in-the-loop automation A Systematic Literature Review on agile effort estimation;"Tortosa, Nicolás; Acuña, César Javier";;Available at SSRN 6510427;String A;EXCLUDE;EC-O: Topic is effort estimation in agile, not bug report quality assessment. Different task domain.;;
13;Quantifying, Characterizing, and Mitigating the Ghost Commit Problem When Identifying Fix-Inducing Changes;Rezk, Christophe;2021;;String A;EXCLUDE;EC-O: About identifying fix-inducing commits/changes, not assessing bug report quality. Related to bug fixing but not bug report evaluation.;;
14;ACREF: Enhancing Code Refinement Tasks for Large Language Models Using LLM-as-a-Judge;"Mi, Le; Xu, Ling; Liu, Chao; Mu, Wenhan; Li, Zongyu; Huangfu, Luwen";;Available at SSRN 6642016;String A;UNSURE;"Uses LLM for evaluation (IC-I ✓), but task is code refinement, not bug report quality assessment. Borderline: ""LLM-as-a-Judge"" suggests evaluation, but EC-O likely applies unless the refinement task directly involves bug report quality. Needs full-text to confirm scope.";EXCLUDE;"""CR-Metric achieves correlation of 0.67 with human evaluation"" — BUT correlation ≠ Cohen's Kappa"
15;A Security Requirements Management Framework for Open-Source Software Projects;Wang, Wentao;2019;;String A;EXCLUDE;IC-T, thesis;;
16;Demystifying NoOps: operational model, challenges and insights from the trenches;Serban, Dragos Mihai;2021;;String A;EXCLUDE;EC-O: About NoOps operational practices, not bug report quality assessment.;;
17;Model‐Based Systems Engineering in Space Applications: A Comprehensive Literature Review;"Buruso, Rehobot Bekele; Himmiche, Sara; Tejumola, Taiwo; Alemayehu, Yeshirun; Rose, Bertrand";2026;Systems Engineering;String A;EXCLUDE;EC-O: About systems engineering in space domain, not bug report quality assessment.;;
18;A first look at zoombombing;"Ling, Chen; Balcı, Utkucan; Blackburn, Jeremy; Stringhini, Gianluca";2021;2021 IEEE symposium on security and privacy (SP);String A;EXCLUDE;EC-O: About security/privacy issues in Zoom, not bug report quality assessment.;;
19;C4AE: A Multi-Agent Engine for Automated C4 Modeling using Google ADK and Parallel Orchestration;Pagadala, Vamsi Krishna;;;String A;EXCLUDE;EC-O: About automated C4 modeling (architecture visualization), not bug report quality assessment.;;
20;A Survey on Failure Analysis and Fault Injection in AI Systems;"Yu, Guangba; Tan, Gou; Huang, Haojia; Zhang, Zhenyu; Chen, Pengfei; Natella, Roberto; Zheng, Zibin; Lyu, Michael R.";2026;ACM Transactions on Software Engineering and Methodology;String A;EXCLUDE;EC-O: About fault injection and failure analysis in AI systems themselves, not about evaluating bug report quality using LLM. Different scope and application.;;
21;LLM-Based Exploratory Testing Charter Generation: A Framework and Empirical Evaluation;Surti, Arbaz;2026;;String A;EXCLUDE;EC-O: Task is test charter generation, not bug report quality assessment. While it uses LLM, the application is different.;;
22;PoCZoo: A Curated Zoo of Real-World Proofs-of-Concept;"Lu, Jiangtao; Hu, Jinchang; Huang, Yifan; Gu, Min; Hong, Binsheng; Bai, Tongtong; Huang, Song";;Available at SSRN 6257141;String A;EXCLUDE;EC-O: About curating PoC dataset/zoo, not bug report quality evaluation. No LLM-based assessment component.;;
23;A Framework for Autonomous Orchestration of Multi-Agent System for Adaptive Log Review in Enterprise Web Applications;Tisina, Inna;2026;;String A;EXCLUDE;EC-O: Task is log review/analysis, not bug report quality assessment. Different problem domain.;;
24;A Multi-Agent Approach for a Security-Aware Translation of Software Business Requirements;Mantzouranidis, Savvas;2026;;String A;EXCLUDE;EC-O: About translating business requirements, not assessing bug report quality. Different task scope.;;
25;Practical Research on Intelligent Requirements Analysis and Test Case Generation Driven by Large Language Models;"Wei, Zongshuai; Chen, Changmeng";2026;Al lnnovations and Applications;String A;EXCLUDE;EC-O: Task is requirements analysis and test case generation, not bug report quality assessment.;;
26;Management of Self-Admitted Technical Debt using Machine Learning;Li, Yikun;2024;;String A;EXCLUDE;EC-O: About managing technical debt using ML, not bug report quality assessment. Different focus.;;
27;Foundation Models in Software Engineering: A Taxonomy, Systematic Review, and In-Depth Analysis of Testing Support;"Banitaan, Shadi; Daoud, Mohammad; Alquran, Hebah; Akour, Mohammad";2026;Information;String A;EXCLUDE;EC-O: Systematic review about foundation models for testing support, not specifically about bug report quality assessment. Too broad/different scope.;;
28;“Do you have time for a quick call?”: Exploring Remote and Hybrid Requirements Engineering Practices and Challenges in Industry;"Li, Ze Shi; Ly, Delina; Nagel, Lukas; Arony, Nowshin Nawar; Damian, Daniela";2024;2024 IEEE 32nd International Requirements Engineering Conference (RE);String A;EXCLUDE;EC-O: About RE practices in remote/hybrid settings, not bug report quality assessment. No LLM evaluation component.;;
29;Identifying Opinion Based Questions in Developer Chat Communication;Muthu Subash, Keerthana;2022;;String A;EXCLUDE;IC-T, thesis;;
30;An Empirical Study of Self-Admitted Technical Debt in Machine Learning Software;"Bhatia, Aaditya; Khomh, Foutse; Adams, Bram; Hassan, Ahmed E";2025;ACM Transactions on Software Engineering and Methodology;String A;EXCLUDE;EC-O: About technical debt in ML software, not bug report quality assessment.;;
31;CONTEXT-BASED USER STORY ENHANCEMENT WITH LLM AND RAG;Nguyen, Khoa;2025;;String A;EXCLUDE;EC-O: Task is user story enhancement, not bug report quality assessment. Different artifact type and objective.;;
32;The ghost commit problem when identifying fix-inducing changes: An empirical study of apache projects;"Rezk, Christophe; Kamei, Yasutaka; Mcintosh, Shane";2021;IEEE Transactions on Software Engineering;String A;EXCLUDE;EC-O: About identifying fix-inducing commits, not assessing bug report quality. Related to bug fixing but different focus.;;
33;USeR: A Web-based User Story eReviewer for Assisted Quality Optimizations;"Hallmann, Daniel; Jacob, Kerstin; Lüttgen, Gerald; Schmid, Ute; Weth, Rüdiger von der";2025;;String A;EXCLUDE;EC-O: Task is user story review/quality optimization, not bug report quality assessment. Different artifact type.;;
34;Detecting Emerging Quality-Related Concerns across Evolving Software Artifacts;Krasniqi, Rrezarta;2020;;String A;UNSURE;"Potentially relevant if ""quality-related concerns"" includes bug report quality assessment (IC-P unclear). Task scope needs clarification: does it involve evaluating bug reports specifically? Needs abstract/full-text to confirm IC-P and IC-I (LLM usage).";EXCLUDE;Paper addresses quality concerns in software architecture and how they relate to defects, but does NOT assess bug report quality or measure inter-rater agreement. No Cohen's Kappa or similar metrics reported. Not applicable to establishing baseline for bug report reproducibility evaluation.
35;Investigating the effects of design quality in oss projects;Mannan, Umme Ayda;2020;;String A;EXCLUDE;EC-O: About design quality in OSS projects, not bug report quality assessment. Different quality dimension.;;
36;TagDebt: A Bot to Support Technical Debt Management;"Biazotto, João Paulo; Feitosa, Daniel; Avgeriou, Paris; Nakagawa, Elisa Yumi";2026;;String A;EXCLUDE;EC-O: About technical debt management automation, not bug report quality assessment.;;
37;Decomposing Complexity: An LLM-Based Approac to Supporting Software Engineering Tasks;Xu, Zhijie;2025;;String A;EXCLUDE;IC-T, thesis;;
38;AI-assisted test scope recommendation for manual QA: a framework and evaluation;Surti, Arbaz;2026;;String A;EXCLUDE;EC-O: Task is test scope recommendation for QA, not bug report quality assessment. Different problem domain.;;
39;Building sustainable open-source communities: an investigation into contribution equity;Feng, Zixuan;2026;;String A;EXCLUDE;EC-O: About OSS community management and contribution equity, not bug report quality assessment.;;
40;A model for identifying project sprint tasks based on their description;"Grinchenko, Marina; Rohovyi, Mykyta";2023;Innovative technologies and scientific solutions for industries;String A;EXCLUDE;EC-O: Task is sprint task identification/classification, not bug report quality assessment. Different classification objective.;;
41;A Practical Incident-Response Framework for Generative AI Systems;"Tuscano, Derrisa; Pagna Disso, Jules";2026;Journal of Cybersecurity and Privacy;String A;EXCLUDE;EC-O: About incident response for AI systems, not bug report quality assessment. Different focus and application domain.;;
42;Mining architectural information: A systematic mapping study;"Jean de Dieu, Musengamana; Liang, Peng; Shahin, Mojtaba; Yang, Chen; Li, Zengyang";2024;Empirical Software Engineering;String A;EXCLUDE;EC-O: Task is mining architectural information, not assessing bug report quality. Different objective.;;
43;Story points changes in agile iterative development: An empirical study and a prediction approach;"Pasuksmit, Jirat; Thongtanunam, Patanamon; Karunasekera, Shanika";2022;Empirical Software Engineering;String A;EXCLUDE;EC-O: About story point estimation/prediction, not bug report quality assessment.;;
44;Mining and Classifying Privacy and Data Protection Requirements in Issue Reports;"Sangaroonsilp, Pattaraporn; Dam, Hoa Khanh; Choetkiertikul, Morakot; Ragkhitwetsagul, Chaiyong; Ghose, Aditya";2022;;String A;UNSURE;Works with issue reports (IC-P partially relevant) and uses classification approach, but focuses on privacy/data protection requirements extraction, not bug report quality assessment based on reproducibility/clarity/completeness/severity criteria (IC-P unclear). Needs full-text to confirm if quality assessment is the primary task.;EXCLUDE;While this paper utilizes human annotators and inter-rater agreement metrics (Fleiss' Kappa and Krippendorff's alpha) on a dataset of issue reports from Google Chrome and Moodle, it does not evaluate bug report quality. Instead, the study strictly focuses on classifying these issue reports into a taxonomy of legal privacy requirements (such as GDPR and ISO/IEC 29100). Therefore, it lacks any assessment of reproducibility, clarity, or completeness, making it off-topic for establishing a baseline on bug report quality evaluation.
45;"The ""Shut the f**k up"" Phenomenon: Characterizing Incivility in Open Source Code Review Discussions";"Ferreira, Isabella; Cheng, Jinghui; Adams, Bram";2021;Proceedings of the ACM on Human-Computer Interaction;String A;EXCLUDE;EC-O: About characterizing incivility in code reviews, not assessing bug report quality. Different communication/social phenomenon.;;
46;A Taxonomy of Inefficiencies in LLM-Generated Python Code;"Abbassi, Altaf Allah; Da Silva, Leuson; Nikanjam, Amin; Khomh, Foutse";2025;2025 IEEE International Conference on Software Maintenance and Evolution (ICSME);String A;EXCLUDE;EC-O: About code quality issues in LLM-generated code, not bug report quality assessment. Different artifact and focus.;;
47;Collaborative Development Experience: A tool to promote workplace awareness through socio-technical visualization;Chou, Yi-Hung;;;String A;EXCLUDE;EC-O: About visualization and workplace awareness tools, not bug report quality assessment.;;
48;Silent bugs in deep learning frameworks: an empirical study of Keras and TensorFlow;"Tambon, Florian; Nikanjam, Amin; An, Le; Khomh, Foutse; Antoniol, Giuliano";2024;Empirical Software Engineering;String A;EXCLUDE;EC-O: About characterizing bugs in DL frameworks, not assessing bug report quality. Studies bugs themselves, not report quality.;;
49;Agents in the Sandbox: End-to-End Crash Bug Reproduction for Minecraft;"Yapağcı, Eray; Öztürk, Yavuz Alp Sencer; Tüzün, Eray";2025;;String A;EXCLUDE;EC-O: About automated bug reproduction, not assessing bug report quality. Different task objective.;;
50;Assessment of off-the-shelf SE-specific sentiment analysis tools: An extended replication study;"Novielli, Nicole; Calefato, Fabio; Lanubile, Filippo; Serebrenik, Alexander";2021;Empirical Software Engineering;String A;EXCLUDE;EC-O: About evaluating sentiment analysis tools for SE, not bug report quality assessment. Different evaluation focus.;;
51;On the synchronization between Hugging Face pre-trained language models and their upstream GitHub repository;"Ajibode, Adekunle; Bangash, Abdul Ali; Sghaier, Oussama Ben; Adams, Bram; Hassan, Ahmed E.";2026;;String A;EXCLUDE;EC-O: About synchronization between ML models and GitHub repos, not bug report quality assessment.;;
52;Bug Classification in quantum software: a rule-based framework and its evaluation;"Yousuf, Mir Mohammad; Sofi, Shabir Ahmad";2026;Automated Software Engineering;String A;UNSURE;Involves bug classification (IC-I potentially met with rule-based approach, though not LLM-based), but focuses on quantum software bugs specifically. Does not clearly assess bug report quality based on reproducibility/clarity/completeness/severity (IC-P unclear). Needs full-text to confirm if assessing bug report quality vs. classifying bug types.;EXCLUDE;Paper classifies bug issues on multiple dimensions (type, severity, category) but does NOT assess bug report QUALITY (reproducibility/clarity/completeness). More critically, it lacks inter-rater agreement metrics (Cohen's Kappa)
53;A comparative study and analysis of developer communications on Slack and Gitter;"Parra, Esteban; Alahmadi, Mohammad; Ellis, Ashley; Haiduc, Sonia";2022;Empirical Software Engineering;String A;EXCLUDE;EC-O: About analyzing developer communications, not bug report quality assessment.;;
54;Data-Driven Requirements Elicitation: A Systematic Literature Review;"Lim, Sachiko; Henriksson, Aron; Zdravkovic, Jelena";2021;SN Computer Science;String A;EXCLUDE;EC-O: About requirements elicitation, not bug report quality assessment. Different artifact and task.;;
55;What Makes a Good TODO Comment?;"Wang, Haoye; Gao, Zhipeng; Bi, Tingting; Grundy, John; Wang, Xinyu; Wu, Minghui; Yang, Xiaohu";2024;ACM Transactions on Software Engineering and Methodology;String A;EXCLUDE;EC-O: About comment quality assessment, not bug report quality assessment. Different artifact type.;;
56;A Methodological Framework for LLM-Based Mining of Software Repositories;"Martino, Vincenzo De; Castaño, Joel; Palomba, Fabio; Franch, Xavier; Martínez-Fernández, Silverio";2025;;String A;EXCLUDE;EC-O: General framework for mining repos with LLM, too broad. Not specifically about bug report quality assessment (IC-P not met).;;
57;Mining Information from Developer Chats towards Building Software Maintenance Tools - ProQuest;;;;String A;EXCLUDE;EC-O: About mining developer chats for maintenance tools, not bug report quality assessment. Different artifact and objective.;;
58;Towards a Semi-Automated Pipeline for User Story Curation and Classification;"Souza, Carlos; Silva, Izabella; Sousa, Hiago; Albuquerque, Danyllo; Perkusich, Mirko; Gorgônio, Kyller; Perkusich, Angelo";2026;Proceedings of the 41st ACM/SIGAPP Symposium on Applied Computing;String A;EXCLUDE;EC-O: Task is user story curation/classification, not bug report quality assessment. Different artifact type.;;
59;Is this build failure related to my patch? An empirical study of unrelated build failures in continuous integration;"Huang, Yonghui Andie; Da Costa, Daniel Alencar; Dick, Grant; El Mezouar, Mariam; Xiao, Liwen";2026;Empirical Software Engineering;String A;EXCLUDE;EC-O: About identifying unrelated build failures in CI, not assessing bug report quality. Different problem domain.;;
60;Suboptimal Comments in Java Projects: From Independent Comment Changes to Commenting Practices;"Wang, Chao; He, Hao; Pal, Uma; Marinov, Darko; Zhou, Minghui";2023;ACM Transactions on Software Engineering and Methodology;String A;EXCLUDE;EC-O: About comment quality in code, not bug report quality assessment. Different artifact.;;
61;Can We Use SE-specific Sentiment Analysis Tools in a Cross-Platform Setting?;"Novielli, Nicole; Calefato, Fabio; Dongiovanni, Davide; Girardi, Daniela; Lanubile, Filippo";2020;Proceedings of the 17th International Conference on Mining Software Repositories;String A;EXCLUDE;EC-O: About sentiment analysis tool evaluation, not bug report quality assessment. Different evaluation objective.;;
62;Traceability in the wild: automatically augmenting incomplete trace links;"Rath, Michael; Rendall, Jacob; Guo, Jin L. C.; Cleland-Huang, Jane; Mäder, Patrick";2018;Proceedings of the 40th International Conference on Software Engineering;String A;EXCLUDE;EC-O: About traceability link augmentation, not bug report quality assessment.;;
63;On Reliability of Patch Correctness Assessment;"Le, Xuan-Bach D.; Bao, Lingfeng; Lo, David; Xia, Xin; Li, Shanping; Pasareanu, Corina";2019;2019 IEEE/ACM 41st International Conference on Software Engineering (ICSE);String A;EXCLUDE;EC-O: About assessing patch correctness, not bug report quality assessment. Different task focus.;;
64;Identification and Remediation of Self-Admitted Technical Debt in Issue Trackers;"Li, Yikun; Soliman, Mohamed; Avgeriou, Paris";2020;2020 46th Euromicro Conference on Software Engineering and Advanced Applications (SEAA);String A;EXCLUDE;EC-O: About identifying technical debt in issues, not assessing bug report quality based on reproducibility/clarity/completeness/severity criteria (IC-P not met).;;
65;Sentiment analysis of episodic volunteers in open source software projects;Pham Tran Hien, Dung;2026;;String A;EXCLUDE;EC-O: About sentiment analysis of volunteers, not bug report quality assessment.;;
66;Exploratory Study of Slack Q&A Chats as a Mining Source for Software Engineering Tools;"Chatterjee, Preetha; Damevski, Kostadin; Pollock, Lori; Augustine, Vinay; Kraft, Nicholas A.";2019;2019 IEEE/ACM 16th International Conference on Mining Software Repositories (MSR);String A;EXCLUDE;EC-O: About mining Slack chats, not bug report quality assessment. Different source and objective.;;
67;A multi-model framework for semantically enhancing detection of quality-related bug report descriptions;"Krasniqi, Rrezarta; Do, Hyunsook";2023;Empirical Software Engineering;String A;INCLUDE;✓ IC-L: Likely English (standard for peer-reviewed SE papers);INCLUDE;"While the paper classifies quality concerns (performance, maintainability, security) rather than reproducibility/clarity specifically, it provides critical baseline data: inter-rater agreement (Cohen's Kappa) between 2 human annotators on 5,400 bug reports from Jira/Bugzilla. This κ baseline is directly applicable to your experiment design. You can establish: ""Human-human κ on bug report quality assessment = X. Our LLM achieved κ = Y."""
68;Learning Software Bug Reports: A Systematic Literature Review;"Long, Guoming; Gong, Jingzhi; Fang, Hui; Chen, Tao";2025;ACM Transactions on Software Engineering and Methodology;String A;UNSURE;Systematic review about bug reports and learning (IC-P potentially relevant), but: (a) uncertain if specifically about quality assessment vs. general bug report analysis, (b) as a SLR, unclear if it includes original empirical evaluation (IC-E may not be met if no original experiments), (c) needs verification of whether it compares LLM evaluation to manual review. Borderline between position paper (EC-N) and empirical review.;INCLUDE;This is a SYSTEMATIC LITERATURE REVIEW, not a primary empirical study. It does NOT report inter-rater agreement (Cohen's Kappa) data itself. However, it comprehensively covers bug report analysis tasks and evaluation metrics across 204 papers. NOT suitable as a baseline paper for your gap, BUT highly useful for your Literature Review section to cite what's been done in bug report analysis.
69;A comprehensive analysis of challenges and strategies for software release notes on GitHub;"Wu, Jianyu; He, Hao; Gao, Kai; Xiao, Wenxin; Li, Jingyue; Zhou, Minghui";2024;Empirical Software Engineering;String A;EXCLUDE;EC-O: About release notes, not bug report quality assessment. Different artifact type.;;Strength: MEDIUM (not HIGH because quality dimensions differ from reproducibility, but the methodology & baseline data are highly relevant)
70;ImproBR: Bug Report Improver Using LLMs;"Akyol, Emre Furkan; Dedeler, Mehmet; Tüzün, Eray";2026;;String A;UNSURE;"Uses LLM for bug reports (IC-I met), but task is ""improving"" bug reports, not assessing their quality (IC-P unclear). Does it evaluate quality of original vs. improved reports? If evaluation includes reproducibility/clarity metrics, could be relevant. Needs full-text to confirm whether quality assessment is central task or byproduct.";INCLUDE;While ImproBR is highly relevant methodologically (LLM improving reproducibility + manual evaluation), it uses Mojira (Minecraft) data, not GitHub/Jira.
71;Towards reliable agile iterative planning via predicting documentation changes of work items;"Pasuksmit, Jirat; Thongtanunam, Patanamon; Karunasekera, Shanika";2022;Proceedings of the 19th International Conference on Mining Software Repositories;String A;EXCLUDE;EC-O: Task is predicting documentation changes for planning, not bug report quality assessment.;;
72;Item - Enhancing automated bug report analysis through advanced neural language models - Loughborough University - Figshare;;;;String A;UNSURE;"Title directly mentions ""bug report analysis"" using neural language models (IC-I potentially met), but abstract/details unclear. Does it assess bug report quality (reproducibility/clarity/completeness) (IC-P) or perform different analysis? Need to verify: (a) if Figshare is peer-reviewed publication (IC-T — likely thesis/technical report, may violate IC-T), (b) if focused on quality assessment with comparison metrics. Requires full-text review.";EXCLUDE;This is a PhD thesis on bug report analysis using neural language models. While it studies GitHub bug reports and uses advanced NLP techniques, it does NOT report Cohen's Kappa or inter-rater agreement metrics between human annotators. It focuses on automatic classification of non-functional bugs (performance/accuracy issues) rather than assessing bug report reproducibility/clarity quality. The evaluation uses AUC, F1-score, and Scott-Knott ranking — not inter-rater agreement.
73;Studying Developers’ Engagement with ChatGPT for Issue Resolution;Das, Joy Krishan;2025;;String A;EXCLUDE;EC-O: Task is studying developer engagement with ChatGPT, not assessing bug report quality. Different focus (human behavior, not report quality).;;
74;Mining Work Items to Streamline Software Maintenance Tasks - ProQuest;;;;String A;EXCLUDE;EC-O: Task is mining work items for maintenance, not bug report quality assessment. EC-A: ProQuest access may be restricted (full-text availability unclear).;;
75;Human-In-The-Loop Software Development Agents;"Takerngsaksiri, Wannita; Pasuksmit, Jirat; Thongtanunam, Patanamon; Tantithamthavorn, Chakkrit; Zhang, Ruixiong; Jiang, Fan; Li, Jing; Cook, Evan; Chen, Kun; Wu, Ming";2025;2025 IEEE/ACM 47th International Conference on Software Engineering: Software Engineering in Practice (ICSE-SEIP);String A;EXCLUDE;EC-O: About software development agents, not bug report quality assessment. Too broad/general.;;
76;MULocBench: Beyond Code Benchmark for Multi-Type Software Issue Localization;"Zhang, Zejun; Wang, Jian Jornbowrl; Yang, Qingyun; Pan, Yifan; tangyi; Li, Yi; Xing, Zhenchang; Zhang, Tian; Li, Xuandong; Zhang, Guoan";2025;;String B;UNSURE;"Involves ""multi-type software issue"" analysis (IC-P potentially relevant if includes bug reports), uses benchmark/evaluation approach (IC-I potentially met with neural models), but primary task appears to be issue localization, not quality assessment of issue reports. Needs clarification: does it evaluate report quality or predict defect locations? Likely EC-O unless quality assessment is central.";EXCLUDE;Paper creates a benchmark for issue localization (finding where bugs are in code), not for assessing bug report quality dimensions (reproducibility, clarity, completeness). No inter-rater agreement metrics reported. Not applicable to Gap-M baseline.
77;What Users Ask, Policies Miss: Unveiling the Gap Between Community-Expressed Privacy Concerns and LLM Provider Policies;"Liu, Zhihuang; Huang, Zhen; Hu, Ling; Yang, Yifan; Cai, Zhiping";2026;;String B;EXCLUDE;EC-O: About privacy policy gaps, not bug report quality assessment.;;
78;Cryptocurrency Curated News Event Database From GDELT;"Gadi, Manoel Fernando Alonso; Sicilia, Miguel Ángel";2022;;String B;EXCLUDE;EC-O: About cryptocurrency news database, completely unrelated to bug reports or LLM evaluation.;;
79;Analyzing Issue Discussions in Open Source Software Communities: Unveiling the Characteristics of Usability Issues - ProQuest;;;;String B;UNSURE;Works with issue discussions (IC-P potentially relevant if usability issues = quality concerns), analyzes characteristics (IC-I potentially met), but task appears to be characterizing issues, not assessing report quality. Also EC-A: ProQuest access/publication status unclear. Needs clarification on whether it assesses report quality vs. issue categorization.;INCLUDE;Paper analyzes issue discussions in GitHub, focusing on usability issues. Abstract doesn't clearly indicate if it: 1) assesses bug report quality/reproducibility, or 2) reports inter-rater agreement metrics. Could be relevant if full-text shows Cohen's Kappa on issue classification, but current information is insufficient.
80;SecureFalcon: Are We There Yet in Automated Software Vulnerability Detection With LLMs?;"Ferrag, Mohamed Amine; Battah, Ammar; Tihanyi, Norbert; Jain, Ridhi; Maimuţ, Diana; Alwahedi, Fatima; Lestable, Thierry; Thandi, Narinderjit Singh; Mechri, Abdechakour; Debbah, Merouane; Cordeiro, Lucas C.";2025;IEEE Transactions on Software Engineering;String B;EXCLUDE;EC-O: Task is vulnerability detection with LLM, not bug report quality assessment. Different security focus.;;
81;Leveraging Vulnerability Discovery Strategies for Secure Development of Supervised Learning Projects - ProQuest;;;;String B;EXCLUDE;EC-O: About vulnerability discovery in ML projects, not bug report quality assessment. EC-A: ProQuest access/publication venue may be restricted or non-peer-reviewed.;;
82;Machine Learning Driven Guidance for Software Maintenance: Enhancing Code Management and Features - ProQuest;;;;String B;EXCLUDE;EC-O: About ML-driven maintenance guidance, not bug report quality assessment. EC-A: ProQuest access/publication status unclear.;;
83;Foundation Models for Newcomers in Open-Source Software: A Multivocal Literature Review;"Xiao, Tao; Kondo, Masanari; Treude, Christoph; Kamei, Yasutaka";2026;;String B;EXCLUDE;EC-O: About foundation models for OSS newcomers, too broad and general. Not specifically about bug report quality assessment (IC-P not met).;;
84;Automated Fine-grained Requirements-to-Code Traceability Link Recovery;"Fandino, Florez; Manuel, Juan";2022;;String B;EXCLUDE;EC-O: Task is traceability link recovery, not bug report quality assessment. Different objective.;;
85;A decade of code comment quality assessment: A systematic literature review;"Rani, Pooja; Blasi, Arianna; Stulova, Nataliia; Panichella, Sebastiano; Gorla, Alessandra; Nierstrasz, Oscar";2023;Journal of Systems and Software;String B;EXCLUDE;EC-O: SLR about comment quality, not bug report quality assessment. Different artifact type (comments vs. bug reports). EC-N: As a systematic review without original empirical contribution, may violate IC-E (no original quantitative results).;;
86;Identifying Emergent Leadership in OSS Projects Based on Communication Styles;"Huang, Yuekai; Yang, Ye; Wang, Junjie; Zheng, Wei; Wang, Qing";2022;;String B;EXCLUDE;EC-O: About leadership identification in OSS, not bug report quality assessment. Social/organizational focus.;;
87;Identifying Emergent Leadership in Open Source Software Projects Based on Communication Styles;"Huang, Yuekai; Yang, Ye; Wang, Junjie; Zheng, Wei; Wang, Qing";2023;2023 IEEE International Conference on Software Analysis, Evolution and Reengineering (SANER);String B;EXCLUDE;EC-D: DUPLICATE of paper 86 (same paper, slightly different title wording).;;
88;Software Maintenance At Commit-Time;Nayrolles, Mathieu;2018;;String B;EXCLUDE;IC-T, thesis;;
89;How to Communicate when Submitting Patches: An Empirical Study of the Linux Kernel;"Tan, Xin; Zhou, Minghui";2019;Proceedings of the ACM on Human-Computer Interaction;String B;EXCLUDE;EC-O: About patch submission communication practices, not bug report quality assessment. Related to developer communication but different focus.;;
90;How programmers find online learning resources;"Arya, Deeksha M.; Guo, Jin L. C.; Robillard, Martin P.";2022;Empirical Software Engineering;String B;EXCLUDE;EC-O: About programmer learning behavior, not bug report quality assessment. Completely different topic.;;
91;Evaluating Language Model Applications for Identifying Solution-Related Content in Issue Report Discussions;"Saha, Antu; Sun, Mehedi; Chaparro, Oscar";2026;;String B;UNSURE;Works with issue report discussions (IC-P potentially relevant), uses LLM for evaluation (IC-I met), but task is identifying solution-related content, not assessing report quality based on reproducibility/clarity/completeness/severity. Needs clarification: does it evaluate report quality or extract solutions from discussions? Likely EC-O unless quality assessment is involved.;INCLUDE;Paper applies language models to classify solution-related content in issue discussions, not to assess bug report quality (reproducibility/clarity/completeness). Abstract doesn't mention Cohen's Kappa or inter-rater agreement metrics — only reports F1 scores. Methodologically relevant for LLM classification on issues, but NOT for establishing human-human agreement baseline on bug report quality.
92;Characterizing Logs in Vulnerability Reports: In-Depth Analysis and Security Implications;"Shu, Yao; Zheng, Lianyu; Chen, Jinfu; Xuan, Jifeng";2025;2025 IEEE International Conference on Software Analysis, Evolution and Reengineering (SANER);String B;EXCLUDE;EC-O: Task is characterizing logs in vulnerability reports, not assessing bug report quality based on standard criteria (IC-P not met). Different focus (log content analysis vs. report quality).;;
93;RPerf: Mining user reviews using topic modeling to assist performance testing: An industrial experience report;"Wang, Zehao; Liu, Wei; Chen, Jinfu; Chen, Tse-Hsun (Peter)";2025;Journal of Systems and Software;String B;EXCLUDE;EC-O: Task is mining reviews for performance testing, not bug report quality assessment. Different source (reviews vs. bug reports).;;
94;Triage in Software Engineering: A Systematic Review of Research and Practice;"Zhao, Yongxin; Zhang, Shenglin; Wu, Yujia; Sun, Yuxin; Sun, Yongqian; Pei, Dan; Bansal, Chetan; Ma, Minghua";2025;;String B;EXCLUDE;EC-O: SLR about software triage practices, too broad. While triage involves bugs, it's not specifically about assessing bug report quality (IC-P not clearly met). EC-N: As SLR without original empirical evaluation, may lack original quantitative results (IC-E).;;
95;DarkBench: Benchmarking Dark Patterns in Large Language Models;"Kran, Esben; Nguyen, Hieu Minh; Kundu, Akash; Jawhar, Sami; Park, Jinsuk; Jurewicz, Mateusz";2025;International Conference on Learning Representations;String B;EXCLUDE;EC-O: About benchmarking LLM dark patterns, not bug report quality assessment. Evaluates LLM behavior, not report quality.;;
96;Automating Intention Mining;"Huang, Qiao; Xia, Xin; Lo, David; Murphy, Gail C.";2020;IEEE Transactions on Software Engineering;String B;EXCLUDE;"EC-O: Task is intention mining, not bug report quality assessment. Vague title; likely different problem domain.";;
97;Evidence-driven testing and debugging of software systems;Soremekun, Ezekiel Olamide;2021;;String B;EXCLUDE;IC-T, thesis;;
98;Supporting a developer's discovery of task-relevant information;de Sousa Marques, Arthur;2022;;String B;EXCLUDE;IC-T, thesis;;
99;Crash Report Enhancement with Large Language Models: An Empirical Study;"Fahim, S. M. Farah Al; Rafi, Md Nakhla; Ma, Zeyang; Kim, Dong Jae; Tse-Hsun; Chen";2025;;String B;UNSURE;"Directly mentions ""crash report enhancement"" using LLM (IC-I met), empirical study (IC-E likely met), but task is enhancing/improving reports, not assessing quality (IC-P unclear). Does the enhancement evaluation include quality metrics (reproducibility/clarity/completeness)? Needs full-text to determine if quality assessment is primary objective or byproduct. Borderline INCLUDE candidate.";EXCLUDE;Paper evaluates LLM enhancement of crash reports using manual evaluation (16 participants) and LLM-as-judge assessment, but does NOT report Cohen's Kappa or inter-rater agreement between human evaluators. While methodologically relevant for LLM evaluation on bug/crash reports, it lacks the inter-rater agreement baseline metric (κ) essential for Gap-M. User study is qualitative feedback, not quantitative inter-rater agreement.
100;ViBR: Automated Bug Replay from Video-based Reports using Vision-Language Models;"Feng, Sidong; Wang, Dingbang; Tomic, Nikola; Yu, Tingting; Aleti, Aldeida; Chen, Chunyang";2026;;String B;EXCLUDE;EC-O: Task is automated bug replay from video reports, not assessing bug report quality based on standard criteria (IC-P not met). Different focus (reproducibility automation vs. quality assessment).;;
101;Predicting the Change Impact of Resolving Defects by Leveraging the Topics of Issue Reports in Open Source Software Systems;"Assi, Maram; Hassan, Safwat; Georgiou, Stefanos; Zou, Ying";2023;ACM Transactions on Software Engineering and Methodology;String B;EXCLUDE;EC-O: Task is predicting change impact from issue reports, not assessing bug report quality (IC-P not met). Different objective (impact prediction vs. quality assessment).;;
102;Towards Better Requirements from the Crowd: Developer Engagement with Feature Requests in Open Source Software;"KC, Pragyan; Ghandiparsi, Rambod; Herron, Thomas; Heaps, John; Hosseini, Mitra Bokaei";2025;;String B;EXCLUDE;EC-O: About feature request quality and developer engagement, not bug report quality assessment. Different artifact type (feature requests vs. bug reports).;;
103;Self-supervised retinal thickness prediction enables deep learning from unlabelled data to boost classification of diabetic retinopathy;"Holmberg, Olle G.; Köhler, Niklas D.; Martins, Thiago; Siedlecki, Jakob; Herold, Tina; Keidel, Leonie; Asani, Ben; Schiefelbein, Johannes; Priglinger, Siegfried; Kortuem, Karsten U.; Theis, Fabian J.";2020;Nature Machine Intelligence;String B;EXCLUDE;EC-O: Medical/healthcare topic (retinal imaging), completely unrelated to software bug reports or LLM evaluation.;;
104;Cross-lingual Unified Medical Language System entity linking in online health communities | Journal of the American Medical Informatics Association | Oxford Academic;;;;String B;EXCLUDE;EC-O: Medical NLP task, not bug report quality assessment. Completely different domain.;;
105;Exploiting Natural Language Structures in Software Informal Documentation;"Di Sorbo, Andrea; Panichella, Sebastiano; Visaggio, Corrado A.; Penta, Massimiliano Di; Canfora, Gerardo; Gall, Harald C.";2021;IEEE Transactions on Software Engineering;String B;EXCLUDE;EC-O: Task is analyzing documentation structures, not bug report quality assessment. Different artifact type.;;
106;Advancing LLM-Based Issue Report Classification with Explained Few-Shot Learning, Intent Extraction, Ensemble, and Summarization;"De Vito, Gabriele; Starace, Luigi Libero Lucio; Palomba, Fabio; Di Martino, Sergio; Ferrucci, Filomena";2026;ACM Transactions on Software Engineering and Methodology;String B;UNSURE;"Directly mentions ""LLM-based issue report classification"" (IC-I met), but task is classification (categorizing issue types), not quality assessment based on reproducibility/clarity/completeness/severity (IC-P unclear). Does it evaluate report quality or classify report types/intents? Needs full-text to confirm if quality assessment is involved. Borderline candidate.";EXCLUDE;Paper classifies issue report intent using LLMs, not assessing bug report quality dimensions (reproducibility, clarity, completeness). No Cohen's Kappa or inter-rater agreement metrics reported — only accuracy/F1/consistency analysis.
107;A Framework for Using LLMs for Repository Mining Studies in Empirical Software Engineering;"De Martino, Vincenzo; Castaño, Joel; Palomba, Fabio; Franch, Xavier; Martínez-Fernández, Silverio";2025;2025 IEEE/ACM International Workshop on Methodological Issues with Empirical Studies in Software Engineering (WSESE);String B;EXCLUDE;EC-O: General framework for LLM-based mining, too broad. Not specifically about bug report quality assessment (IC-P not met).;;
108;Understanding Legal Professionals' Practices and Expectations in Data Breach Incident Reporting;"Gumusel, Ece; Xiao, Yue; Qin, Yue; Qin, Jiaxin; Liao, Xiaojing";2024;Proceedings of the 2024 on ACM SIGSAC Conference on Computer and Communications Security;String B;EXCLUDE;EC-O: About legal/incident reporting practices, not bug report quality assessment. Different domain (legal/security).;;
109;RCEGen: A Generative Approach for Automated Root Cause Analysis Using Large Language Models (LLMs);"Mollik, Rubel Hassan; Datta, Arup; Mollah, Anamul Haque; Aljedaani, Wajdi";2025;Software;String B;EXCLUDE;EC-O: Task is root cause analysis generation, not assessing bug report quality (IC-P not met). Different objective (RCA vs. quality assessment).;;
110;A Hybrid LTR-based System via Social Context Embedding for Recommending Solutions of Software Bugs in Developer Communities;"Harrag, Fouzi; Khemliche, Mokdad";2026;;String B;EXCLUDE;EC-O: Task is recommending solutions for bugs, not assessing bug report quality (IC-P not met). Different objective (solution recommendation vs. quality assessment).;;
111;How Safe Are AI-Generated Patches? A Large-scale Study on Security Risks in LLM and Agentic Automated Program Repair on SWE-bench;"Sajadi, Amirali; Damevski, Kostadin; Chatterjee, Preetha";2025;;String B;EXCLUDE;EC-O: Task is evaluating security risks in LLM-generated patches, not assessing bug report quality (IC-P not met). Different focus (patch quality vs. report quality).;;
112;SWE-bench Multimodal: Do AI Systems Generalize to Visual Software Domains?;"Yang, John; Jimenez, Carlos E.; Zhang, Alex L.; Lieret, Kilian; Yang, Joyce; Wu, Xindi; Press, Ori; Muennighoff, Niklas; Synnaeve, Gabriel; Narasimhan, Karthik R.; Yang, Diyi; Wang, Sida I.; Press, Ofir";2024;;String B;EXCLUDE;EC-O: About AI system generalization to visual domains, not bug report quality assessment. Different benchmark focus.;;
113;FeedAIde: Guiding App Users to Submit Rich Feedback Reports by Asking Context-Aware Follow-Up Questions;"Pourasad, Ali Ebrahimi; Saghiri, Meyssam; Maalej, Walid";2026;;String B;UNSURE;"Involves guiding users to submit ""rich feedback reports"" (IC-P potentially relevant if evaluating report quality/completeness), uses AI for follow-up question generation (IC-I potentially met), but primary task is improving report submission through guidance, not assessing existing reports. Does it evaluate report quality before/after? Needs full-text to clarify if quality assessment is involved. Borderline candidate.";INCLUDE;This paper evaluates an MLLM-based approach for guiding users to write better feedback, using expert assessments to grade the resulting bug reports on reproducibility criteria like Observed Behavior and Steps to Reproduce. Crucially, it establishes human baseline metrics by reporting a very high inter-rater agreement (Cohen's Kappa) between two human experts grading the bug report quality
114;Investigating the bugs in reinforcement learning programs: Insights from Stack Overflow and GitHub;"Song, Jiayin; Li, Yike; Tian, Yunzhe; Ma, Haoxuan; Li, Honglei; Zuo, Jie; Liu, Jiqiang; Niu, Wenjia";2025;Automated Software Engineering;String B;EXCLUDE;EC-O: Task is investigating bugs in RL programs, not assessing bug report quality (IC-P not met). Different focus (bug characteristics vs. report quality).;;
115;Delving into Commit-Issue Correlation to Enhance Commit Message Generation Models;"Wang, Liran; Tang, Xunzhu; He, Yichen; Ren, Changyu; Shi, Shuhua; Yan, Chaoran; Li, Zhoujun";2023;2023 38th IEEE/ACM International Conference on Automated Software Engineering (ASE);String B;EXCLUDE;EC-O: Task is improving commit message generation, not bug report quality assessment. Different artifact type.;;
116;From Bugs to Benefits: Improving User Stories by Leveraging Crowd Knowledge with CrUISE-AC;"Schwedt, Stefan; Ströder, Thomas";2025;2025 IEEE/ACM 47th International Conference on Software Engineering (ICSE);String B;EXCLUDE;EC-O: Task is improving user stories, not bug report quality assessment. Different artifact type (user stories vs. bug reports).;;
117;Characterizing Usability Issue Discussions in Open Source Software Projects;"Sanei, Arghavan; Cheng, Jinghui";2024;Proceedings of the ACM on Human-Computer Interaction;String B;EXCLUDE;EC-O: Task is characterizing usability issues in discussions, not assessing bug report quality (IC-P not met). Different focus (issue characterization vs. quality assessment).;;
118;Is Your Automated Software Engineer Trustworthy?;"Mathews, Noble Saji; Nagappan, Meiyappan";2025;;String B;EXCLUDE;EC-O: About trustworthiness of automated SE tools, not bug report quality assessment. Too broad/general.;;
119;Automated Analysis of Bug Descriptions to Support Bug Reporting and Resolution - ProQuest;;;;String B;UNSURE;"Directly mentions ""automated analysis of bug descriptions"" (IC-I potentially met), and supports bug reporting (IC-P potentially relevant), but: (a) EC-A: ProQuest publication status unclear (may be thesis/non-peer-reviewed), (b) task scope unclear—does it assess description quality or extract information from descriptions? Needs verification of publication venue (IC-T) and whether quality assessment is primary objective. Requires full-text review.";INCLUDE;"This dissertation proposes automated techniques to assess the quality of bug reports, specifically focusing on evaluating the ""steps to reproduce"" (S2Rs), missing expected behavior, and observed behavior. It involves manual coding of bug report discourse patterns with an explicit ""Inter-coder Agreement"" evaluation, and utilizes external evaluators to assess the quality annotations of S2Rs, making it highly relevant for establishing a human baseline on bug reproducibility evaluation."
120;Reformulating Queries for Duplicate Bug Report Detection;"Chaparro, Oscar; Florez, Juan Manuel; Singh, Unnati; Marcus, Andrian";2019;2019 IEEE 26th International Conference on Software Analysis, Evolution and Reengineering (SANER);String B;EXCLUDE;EC-O: Task is query reformulation for duplicate detection, not assessing bug report quality (IC-P not met). Different objective (deduplication vs. quality assessment).;;
121;Contemporary COBOL: Developers' Perspectives on Defects and Defect Location;"Ciborowska, Agnieszka; Chakarov, Aleksandar; Pandita, Rahul";2021;2021 IEEE International Conference on Software Maintenance and Evolution (ICSME);String B;EXCLUDE;EC-O: Task is studying developer perspectives on defects in COBOL, not assessing bug report quality (IC-P not met). Different focus (defect characteristics vs. report quality).;;
122;SeeAction: Towards Reverse Engineering How-What-Where of HCI Actions from Screencasts for UI Automation;"Zhao, Dehai; Xing, Zhenchang; Lu, Qinghua; Xu, Xiwei; Zhu, Liming";2025;;String B;EXCLUDE;EC-O: Task is reverse engineering UI actions from screencasts, not assessing bug report quality. Different problem domain.;;
123;Why and what happened? Aiding bug comprehension with automated category and causal link identification;"Zhou, Cheng; Li, Bin; Sun, Xiaobing; Bo, Lili";2021;Empirical Software Engineering;String B;EXCLUDE;EC-O: Task is aiding bug comprehension through categorization and link identification, not assessing bug report quality based on reproducibility/clarity/completeness/severity (IC-P not met). Different objective (comprehension support vs. quality assessment).;;
124;KeyTitle: towards better bug report title generation by keywords planning;"Meng, Qianshuang; Zou, Weiqin; Cai, Biyu; Zhang, Jingxuan";2024;Software Quality Journal;String B;EXCLUDE;EC-O: Task is improving bug report title generation, not assessing existing bug report quality (IC-P not met). Different focus (title improvement vs. overall quality assessment).;;
125;Automated Root-Cause Subclassification and No-Code Fix Generation for Invalid Bug Reports;"Gon, Mahmut Furkan; Dinc, Emre; Sungur, Tevfik Emre; Tuzun, Eray";2026;;String B;UNSURE;"Mentions ""invalid bug reports"" and automated analysis (IC-P potentially relevant if evaluating report validity/quality), but primary tasks are root-cause subclassification and fix generation, not quality assessment per se. Does it evaluate report quality or classify report validity? Needs full-text to clarify if quality assessment is central task. Borderline candidate.";INCLUDE;"This paper introduces a manually curated benchmark of invalid bug reports from GitHub, explicitly identifying ""Non-reproducibility"" as a categorized root cause. It establishes a human baseline by calculating Cohen's Kappa for inter-rater agreement among human annotators, and then quantitatively evaluates the performance of various LLMs (e.g., Gemini, GPT-4, Claude) against this manual ground truth. This provides highly applicable methodological and baseline data for comparing developer manual reviews to LLM automated evaluations on bug report reproducibility tasks. "
126;Empirical Analysis and Detection of Hallucinations in LLM-Generated Bug Report Summaries;"Nirujan, Hinduja; Patil, Shreyas; Ayoub, Abdallah; Latif, Ahmad Abdel; Ginde, Gouri";2026;;String B;UNSURE;Directly focuses on bug report quality (hallucinations in summaries) (IC-P relevant), analyzes LLM-generated content (IC-I met), empirical study (IC-E likely met), but: (a) task is about detecting hallucinations in LLM-generated summaries, not assessing quality of submitted bug reports compared to manual review, (b) does not clearly compare LLM evaluation to developer manual review (C in PICO unclear). Needs full-text to verify if it meets primary research question (LLM vs. manual review with Cohen's Kappa). Potentially relevant but may not match exact PICO.;INCLUDE;Paper addresses hallucination detection in LLM-generated bug report summaries and evaluates model performance on synthetic data using F1-scores. While relevant to bug report quality (S2R, AB, EB), it does NOT report inter-rater agreement (Cohen's Kappa) between human evaluators. Uses synthetic hallucination injection rather than human annotation studies. Not suitable as a baseline for establishing human-human agreement on reproducibility assessment.
127;Toward the Automated Localization of Buggy Mobile App UIs from Bug Descriptions;"Saha, Antu; Song, Yang; Mahmud, Junayed; Zhou, Ying; Moran, Kevin; Chaparro, Oscar";2024;Proceedings of the 33rd ACM SIGSOFT International Symposium on Software Testing and Analysis;String B;EXCLUDE;EC-O: Task is UI bug localization from descriptions, not assessing bug report quality (IC-P not met). Different objective (defect localization vs. quality assessment).;;
128;Identifying Concurrency Bug Reports via Linguistic Patterns;"Shao, Shuai; Xiao, Lu; Yu, Tingting";2026;;String B;EXCLUDE;EC-O: Task is classifying/identifying concurrency bug reports, not assessing bug report quality based on reproducibility/clarity/completeness/severity (IC-P not met). Different focus (type identification vs. quality assessment).;;
129;Data Quality Matters: A Case Study on Data Label Correctness for Security Bug Report Prediction;"Wu, Xiaoxue; Zheng, Wei; Xia, Xin; Lo, David";2022;IEEE Transactions on Software Engineering;String B;EXCLUDE;EC-O: Task is about data label quality for prediction models, not assessing bug report quality itself (IC-P not met). Different focus (training data quality vs. report quality assessment).;;
130;Combining Language and App UI Analysis for the Automated Assessment of Bug Reproduction Steps;"Mahmud, Junayed; Saha, Antu; Chaparro, Oscar; Moran, Kevin; Marcus, Andrian";2025;;String B;INCLUDE;✓ IC-L: Likely English (standard for peer-reviewed SE papers);EXCLUDE;Paper proposes AstroBR for S2R quality annotation using LLMs but does NOT report Cohen's Kappa or inter-rater agreement between human evaluators. Compares LLM technique to baseline using F1-scores, not human agreement metrics. Not suitable as a baseline for establishing human-human κ on S2R quality assessment.
131;Automated Generation of High-Quality Bug Reports for Android Applications;"Saha, Antu; Dipongkor, Atish Kumar; Bennett, Sam; Moran, Kevin; Marcus, Andrian; Chaparro, Oscar";2026;;String B;UNSURE;Task is generating high-quality bug reports, not assessing quality of existing reports (IC-P unclear). Does it evaluate generated report quality vs. manual reports using quality criteria (reproducibility/clarity/completeness)? Needs full-text to confirm if quality assessment is involved in evaluation. Borderline candidate.;INCLUDE;This paper introduces BugScribe, an approach that utilizes LLMs (e.g., GPT-4, Claude) to automatically generate detailed bug report components, specifically focusing on Steps to Reproduce (S2Rs), Expected Behavior, and Observed Behavior. Crucially, the authors manually curated a ground truth dataset of bug reports and calculated inter-rater agreement (Cohen's Kappa) among human annotators regarding bug report component quality. This provides highly direct baseline data comparing LLM performance against human annotations for evaluating bug reproducibility and completeness
132;Inside Bug Report Templates: An Empirical Study on Bug Report Templates in Open-Source Software;"Zhang, Junwei; Liu, Zhongxin; Bao, Lingfeng; Xing, Zhenchang; Hu, Xing; Xia, Xin";2024;Proceedings of the 15th Asia-Pacific Symposium on Internetware;String B;EXCLUDE;EC-O: Task is empirically studying bug report templates, not assessing bug report quality (IC-P not met). Different focus (template analysis vs. quality assessment).;;
133;Automatically Selecting Follow-up Questions for Deficient Bug Reports;"Imran, Mia Mohammad; Ciborowska, Agnieszka; Damevski, Kostadin";2021;2021 IEEE/ACM 18th International Conference on Mining Software Repositories (MSR);String B;UNSURE;"Works with ""deficient bug reports"" (IC-P potentially relevant if assessing report quality), uses automated selection (IC-I potentially met), but primary task is selecting follow-up questions, not assessing quality. Does it evaluate report quality before/after intervention? Needs full-text to clarify if quality assessment is involved. Borderline candidate.";INCLUDE;This paper tackles bug report completeness by automatically recommending follow-up questions for reports missing essential reproducibility components like Steps to Reproduce (S2R), Observable Behavior (OB), and Expected Behavior (EB). It establishes a methodological baseline by reporting Cohen's Kappa for inter-rater agreement between annotators evaluating candidate follow-up questions, and further validates the automated system's utility through a survey of software developers
134;BugListener: identifying and synthesizing bug reports from collaborative live chats;"Shi, Lin; Mu, Fangwen; Zhang, Yumin; Yang, Ye; Chen, Junjie; Chen, Xiao; Jiang, Hanzhi; Jiang, Ziyou; Wang, Qing";2022;Proceedings of the 44th International Conference on Software Engineering;String B;EXCLUDE;EC-O: Task is identifying and synthesizing bug reports from chat discussions, not assessing existing bug report quality (IC-P not met). Different objective (report extraction vs. quality assessment).;;
135;Exploring Fine-Grained Bug Report Categorization with Large Language Models and Prompt Engineering: An Empirical Study;Koyuncu, Anil;2026;ACM Transactions on Software Engineering and Methodology;String B;EXCLUDE;EC-O: Task is bug report categorization/classification, not assessing bug report quality based on reproducibility/clarity/completeness/severity (IC-P not met). Different focus (type/category classification vs. quality assessment).;;
136;Tab: template-aware bug report title generation via two-phase fine-tuned models;"Liu, Xiao; Xu, Yinkang; Sun, Weifeng; Huang, Naiqi; Sun, Song; Li, Qiang; Yang, Dan; Yan, Meng";2025;Automated Software Engineering;String B;EXCLUDE;EC-O: Task is title generation, not assessing bug report quality (IC-P not met). Different focus (title improvement vs. overall quality assessment).;;
137;Automated Analysis of Bug Descriptions to Support Bug Reporting and Resolution;"Arenas, Chaparro; Javier, Oscar";2019;;String B;UNSURE;"Directly mentions ""automated analysis of bug descriptions"" supporting bug reporting (IC-I and IC-P potentially relevant), but task scope unclear—does it assess description quality or extract information? Appears similar to paper 119. Needs full-text verification of: (a) publication venue/year (IC-T, IC-Y), (b) whether quality assessment is primary objective. Requires full-text review.";EXCLUDE;Duplicated paper id 120
138;Can we use software bug reports to identify vulnerability discovery strategies?;"Bhuiyan, Farzana Ahamed; Shakya, Raunak; Rahman, Akond";2020;Proceedings of the 7th Symposium on Hot Topics in the Science of Security;String B;EXCLUDE;EC-O: Task is using bug reports to identify discovery strategies, not assessing bug report quality (IC-P not met). Different objective (strategy identification vs. quality assessment).;;
139;Analyzing gameplay videos to support video game developers: from issue detection to game sessions reproduction;Guglielmi, Emanuela;2025;;String B;EXCLUDE;EC-O: Domain is video game development (gameplay videos), not software bug reports. Completely different context.;;
140;From Bugs to Benchmarks: A Comprehensive Survey of Software Defect Datasets;"Zhu, Hao-Nan; Furth, Robert; Pradel, Michael; Rubio-González, Cindy";2026;ACM Computing Surveys;String C;EXCLUDE;EC-O: Task is surveying defect datasets, not assessing bug report quality (IC-P not met). EC-N: As a survey without original empirical evaluation, may lack original quantitative results (IC-E). Different focus (dataset overview vs. quality assessment).;;
141;Predicting the objective and priority of issue reports in software repositories;"Izadi, Maliheh; Akbari, Kiana; Heydarnoori, Abbas";2022;Empirical Software Engineering;String C;EXCLUDE;EC-O: Task is predicting objective/priority, NOT assessing bug report quality by reproducibility/clarity/completeness. Different task.;;
142;On Reporting Performance and Accuracy Bugs for Deep Learning Frameworks: An Exploratory Study from GitHub;"Long, Guoming; Chen, Tao";2022;Proceedings of the 26th International Conference on Evaluation and Assessment in Software Engineering;String C;UNSURE;Likely about bug characteristics, not LLM assessment. Need abstract/full-text to confirm if uses LLM to assess quality (IC-I) or just analyzes bug reports.;INCLUDE;"This exploratory study analyzes the characteristics of performance and accuracy bug reports in deep learning frameworks, categorizing them by resolution states such as ""not reproducible"" and ""not enough information"". While the primary focus is on bug characteristics rather than explicitly evaluating textual quality, it provides a relevant methodological baseline by reporting Cohen's Kappa for human inter-rater agreement on these reproducibility states and publishing a labeled GitHub dataset"
143;Analyzing and Detecting Emerging Quality-Related Concerns across OSS Defect Report Summaries;"Krasniqi, Rrezarta; Agrawal, Ankit";2021;2021 IEEE International Conference on Software Analysis, Evolution and Reengineering (SANER);String C;UNSURE;"Title mentions ""quality-related concerns"" and ""defect report summaries"" — could fit IC-P. But unclear if uses LLM/deep learning (IC-I) or manual analysis. Need abstract.";EXCLUDE;No Cohen's Kappa or inter-rater agreement metrics mentioned in abstract. Focuses on quality concern classification, not bug report reproducibility assessment.
144;On the identification of accessibility bug reports in open source systems;"Aljedaani, Wajdi; Mkaouer, Mohamed Wiem; Ludi, Stephanie; Ouni, Ali; Jenhani, Ilyes";2022;Proceedings of the 19th International Web for All Conference;String C;EXCLUDE;EC-O: Task is identifying/classifying accessibility bugs, not assessing general bug report quality by reproducibility/clarity/completeness. Domain-specific, not quality criteria.;;
145;Bug Analysis in Jupyter Notebook Projects: An Empirical Study;"De Santana, Taijara Loiola; Neto, Paulo Anselmo Da Mota Silveira; De Almeida, Eduardo Santana; Ahmed, Iftekhar";2024;ACM Transactions on Software Engineering and Methodology;String C;EXCLUDE;EC-O: Task is analyzing bugs in Jupyter, not assessing bug report quality. No indication of LLM/automated quality assessment.;;
146;Large Language Models in Software Engineering: A Critical Review of Evaluation Strategies;"Bektas, Ali; Haupt, Carina";2025;;String C;EXCLUDE;IC-T, thesis;;
147;A Systematic Mapping Study on Developer Profile Modeling in Software Engineering;"Sari, Asli; Alptekin, Gulfem Isiklar; Tosun, Ayse";2026;IEEE Access;String C;EXCLUDE;EC-O: About developer profiling, NOT bug report quality assessment. Completely off-topic.;;
148;Towards Effective Developer Communication in Open Source Software via Emotional Awareness;Imran, Mia Mohammad;2024;Theses and Dissertations;String C;EXCLUDE;EC-O: About developer communication/emotions, NOT bug report quality assessment. Off-topic.;;
149;Mining Software Bug Repositories: A 15-Year Analysis of Trends, Techniques, and Limitations in Bug Localization, Classification, Triaging, and Resolution (2010–2024);"Sehar, Robina; Ali, Rashid";2024;Frontiers in Computational Spatial Intelligence;String C;EXCLUDE;EC-O: Covers bug localization/classification/triaging, but NOT specifically assessing bug report quality by reproducibility/clarity/completeness. Different focus. Also spans 2010–2024 (before 2020 included).;;
150;Detecting Rework in Software: A Machine Learning Technique;Nguyen, Minh Phuc;2015;;String C;EXCLUDE;IC-Y, 2015;;
151;Understanding Test Code Quality from Perspective of Test Code Design and Maintenance;Kim, Dong Jae;2024;;String C;EXCLUDE;IC-T, thesis;;
152;Analysing app reviews for software engineering: a systematic literature review;"Dąbrowski, Jacek; Letier, Emmanuel; Perini, Anna; Susi, Angelo";2022;Empirical Software Engineering;String C;EXCLUDE;EC-O: Task is analyzing app reviews (user feedback), NOT assessing bug report quality. Different domain and purpose.;;
153;CI/CD Configuration Practices in Open Source Android Apps: An Empirical Study;"Ghaleb, Taher A.; Abduljalil, Osamah; Hassan, Safwat";2026;ACM Transactions on Software Engineering and Methodology;String C;EXCLUDE;EC-O: About CI/CD configuration practices, NOT bug report quality assessment. Off-topic.;;
154;Memory and resource leak defects and their repairs in Java projects;"Ghanavati, Mohammadreza; Costa, Diego; Seboek, Janos; Lo, David; Andrzejak, Artur";2020;Empirical Software Engineering;String C;EXCLUDE;EC-O: About defect characteristics/repairs, NOT assessing bug report quality by reproducibility/clarity/completeness. Off-topic.;;
155;The whos, whats, and whys of issues related to personal data and data protection in open-source projects on GitHub;"Hennig, Anne; Schulte, Lukas; Herbold, Steffen; Kulyk, Oksana; Mayer, Peter";2025;Empirical Software Engineering;String C;EXCLUDE;EC-O: About data protection issues, NOT assessing bug report quality. Domain-specific, off-topic.;;
156;Bounties in Open Source Development on GitHub: A Case Study of Bountysource Bounties;"Zhou, Jiayuan; Wang, Shaowei; Bezemer, Cor-Paul; Zou, Ying; Hassan, Ahmed E.";2019;;String C;EXCLUDE;EC-O: About bounty systems, NOT bug report quality assessment. Off-topic.;;
157;How disabled tests manifest in test maintainability challenges?;"Kim, Dong Jae; Yang, Bo; Yang, Jinqiu; Chen, Tse-Hsun (Peter)";2021;Proceedings of the 29th ACM Joint Meeting on European Software Engineering Conference and Symposium on the Foundations of Software Engineering;String C;EXCLUDE;EC-O: About test maintainability/disabled tests, NOT bug report quality assessment. Off-topic.;;
158;A mixed-methods analysis of micro-collaborative coding practices in OpenStack;"Foundjem, Armstrong; Constantinou, Eleni; Mens, Tom; Adams, Bram";2022;Empirical Software Engineering;String C;EXCLUDE;EC-O: About collaborative coding practices, NOT bug report quality assessment. Off-topic.;;
159;A Study of Bug Management Using the Stack Exchange Question and Answering Platform;"Bhatia, Aaditya; Wang, Shaowei; Asaduzzaman, Muhammad; Hassan, Ahmed E.";2022;IEEE Transactions on Software Engineering;String C;UNSURE;"Mentions ""bug management"" but unclear if assesses bug report quality or just studies how bugs are discussed on Stack Exchange. Need abstract to confirm if uses LLM/ML (IC-I) and covers reproducibility/clarity (IC-P).";EXCLUDE;Paper analyzes bug management on Stack Exchange Q&A platform, studying editing, answering, and voting features. While it mentions that edits improve report quality (57%), it does NOT report Cohen's Kappa or inter-rater agreement metrics between annotators. Data source (Stack Exchange) doesn't match your GitHub/Jira requirement. Not suitable as a baseline for Gap-M.
160;Mining app reviews to support software engineering;Dąbrowski, Jacek;2022;;String C;EXCLUDE;IC-T, thesis;;
161;Hierarchical Knowledge Injection for Improving LLM-based Program Repair;"Ehsani, Ramtin; Parra, Esteban; Haiduc, Sonia; Chatterjee, Preetha";2025;2025 40th IEEE/ACM International Conference on Automated Software Engineering (ASE);String C;EXCLUDE;EC-O: Task is program repair using LLM, NOT assessing bug report quality. Off-topic.;;
162;On the Use of Commit Messages for Corrective Software Maintenance: A Systematic Mapping Study;"Islam, Syful; Zacchiroli, Stefano";2026;;String C;EXCLUDE;EC-O: Task is analyzing commit messages for maintenance, NOT assessing bug report quality by reproducibility/clarity/completeness. Off-topic.;;
163;Detecting Emerging Quality-Related Concerns Across Evolving Software Artifacts - ProQuest;;;;String C;UNSURE;"Title mentions ""quality-related concerns"" which could fit IC-P. But unclear if about bug report quality assessment (IC-P) or software artifact quality in general. Also ""ProQuest"" suggests thesis/dissertation — need to verify if peer-reviewed publication (IC-T). Need full details.";EXCLUDE;Duplicated paper id 35
164;Predicting Defective Lines Using a Model-Agnostic Technique;"Wattanakriengkrai, Supatsara; Thongtanunam, Patanamon; Tantithamthavorn, Chakkrit; Hata, Hideaki; Matsumoto, Kenichi";2022;IEEE Transactions on Software Engineering;String C;EXCLUDE;EC-O: Task is predicting defective code lines, NOT assessing bug report quality. Off-topic.;;
165;A User-Centered Classification Approach to Prioritization of User Reviews for Software Maintenance;"Sakonwijitree, Luxsipang; Senivongse, Twittie";2026;Proceedings of the 2025 9th International Conference on Software and e-Business;String C;EXCLUDE;EC-O: Task is prioritizing user reviews (app feedback), NOT assessing bug report quality. Off-topic.;;
166;Fine-grained Multi-Document Extraction and Generation of Code Change Rationale;"Sun, Mehedi; Saha, Antu; Silva, Nadeeshan De; Mastropaolo, Antonio; Chaparro, Oscar";2026;;String C;EXCLUDE;EC-O: Task is extracting/generating code change rationale, NOT assessing bug report quality. Off-topic.;;
167;dro.deakin.edu.au/articles/thesis/A_Protocol_for_Effective_Resolution_of_Machine_Learning_Issues/31697284/1/files/62745010.pdf;;;;String C;EXCLUDE;EC-A + EC-T: URL indicates thesis/dissertation repository (dro.deakin.edu.au = Deakin Research Online). Likely EC-T (not peer-reviewed journal/conference). Cannot confirm full-text access without downloading. Treat as thesis = exclude.;;
168;An Empirical Study on the Characteristics of Database Access Bugs in Java Applications;"Liu, Wei; Mondal, Shouvick; Chen, Tse-Hsun (Peter)";2024;ACM Transactions on Software Engineering and Methodology;String C;EXCLUDE;EC-O: Task is characterizing database bugs, NOT assessing bug report quality. Off-topic.;;
169;A Survey of LLM-based Automated Program Repair: Taxonomies, Design Paradigms, and Applications;"Yang, Boyang; Cai, Zijian; Liu, Fengling; Le, Bach; Zhang, Lingming; Bissyandé, Tegawendé F.; Liu, Yang; Tian, Haoye";2025;;String C;EXCLUDE;EC-O: Survey about LLM for program repair, NOT bug report quality assessment. Off-topic.;;
170;On the usage and development of deep learning compilers: an empirical study on TVM;"Wu, Xiongfei; Yang, Jinqiu; Ma, Lei; Xue, Yinxing; Zhao, Jianjun";2022;Empirical Software Engineering;String C;EXCLUDE;EC-O: About deep learning compilers, NOT bug report quality assessment. Off-topic.;;
171;On the Answer Status and Usage of Requirements Traceability Questions - ProQuest;;;;String C;EXCLUDE;EC-T + EC-O: ProQuest suggests thesis/dissertation (not peer-reviewed). Task is about requirements traceability, NOT bug report quality assessment. Off-topic.;;
172;Towards Pragmatic Incivility Management in Software Engineering - ProQuest;;;;String C;EXCLUDE;EC-T + EC-O: ProQuest suggests thesis/dissertation. Task is about incivility/communication, NOT bug report quality assessment. Off-topic.;;
173;SENET: A Semantic Web for Supporting Automation of Software Engineering Tasks;"Liu, Yalin; Lin, Jinfeng; Cleland-Huang, Jane; Vierhauser, Michael; Guo, Jin; Lohar, Sugandha";2020;2020 IEEE Seventh International Workshop on Artificial Intelligence for Requirements Engineering (AIRE);String C;EXCLUDE;EC-O: About semantic web for SE task automation, NOT bug report quality assessment. Off-topic.;;
174;Broken External Links on Stack Overflow;"Liu, Jiakun; Xia, Xin; Lo, David; Zhang, Haoxiang; Zou, Ying; Hassan, Ahmed E.; Li, Shanping";2022;IEEE Transactions on Software Engineering;String C;EXCLUDE;EC-O: Task is detecting broken links on Stack Overflow, NOT assessing bug report quality. Off-topic.;;
175;Building sustainable open-source communities : an investigation into contribution equity;Feng, Zixuan;;;String C;EXCLUDE;EC-O: About open-source community sustainability/equity, NOT bug report quality assessment. Off-topic.;;
176;Quantifying, Characterizing, and Mitigating the Ghost Commit Problem when Identifying Fix-Inducing Changes - ProQuest;;;;String C;EXCLUDE;EC-T + EC-O: ProQuest suggests thesis/dissertation. Task is about identifying fix-inducing commits, NOT bug report quality assessment. Off-topic.;;
177;Understanding and Locating Quality Issues in the Database Access Code of Database-Backed Applications;Liu, Wei;2024;;String C;EXCLUDE;IC-T, thesis;;
178;การจัดลำดับความสำคัญของบทวิจารณ์ของผู้ใช้ซอฟต์แวร์โดยคำนึงถึงประสบการณ์ผู้ใช้โดยใช้การเรียนรู้ของเครื่อง;สาครวิจิตรี, ลักษณ์สิปาง;2024;Chulalongkorn University Theses and Dissertations (Chula ETD);String C;EXCLUDE;IC-L: Not in English (Thai language). EC-O: Prioritizing user reviews by UX with ML ≠ bug report quality assessment.;;
179;Historical Spectrum Based Fault Localization;"Wen, Ming; Chen, Junjie; Tian, Yongqiang; Wu, Rongxin; Hao, Dan; Han, Shi; Cheung, Shing-Chi";2021;IEEE Transactions on Software Engineering;String C;EXCLUDE;EC-O: Fault localization (finding buggy code locations) ≠ bug report quality assessment.;;
180;Security Bug Report Usage for Software Vulnerability Research: A Systematic Mapping Study;"Bhuiyan, Farzana Ahamed; Sharif, Md Bulbul; Rahman, Akond";2021;IEEE Access;String D;UNSURE;IC-P: Security bug reports but need to verify if assessing report quality (reproducibility/clarity) vs. using reports as data. IC-I: Mapping study unclear if uses LLM/DL for automatic quality assessment. Requires full-text check.;EXCLUDE;This is a SYSTEMATIC MAPPING STUDY reviewing 46 publications on security bug reports. It does NOT report original inter-rater agreement data. Focuses on vulnerability classification research topics, not bug report quality/reproducibility assessment. Not suitable as a baseline for Gap-M
181;Revisiting Defects4J for Fault Localization in Diverse Development Scenarios;"Rafi, Md Nakhla; Chen, An Ran; Chen, Tse-Hsun Peter; Wang, Shaohua";2025;2025 IEEE/ACM 22nd International Conference on Mining Software Repositories (MSR);String D;EXCLUDE;EC-O: Fault localization ≠ bug report quality assessment.;;
182;Automatic Issue Relation Prediction;Kässmann, Tobias;;;String D;EXCLUDE;EC-O: Predicting issue relations ≠ assessing bug report quality by reproducibility/clarity/completeness.;;
183;Sentiment Analysis for Requirements Elicitation from App Reviews: A Systematic Mapping Study;"Wan, Hongyan; An, Zhiquan; Wang, Bangchao; Xiong, Teng";2023;2023 30th Asia-Pacific Software Engineering Conference (APSEC);String D;EXCLUDE;EC-O: App review sentiment analysis ≠ bug report quality assessment. IC-I: Uses NLP/ML but not for bug report quality evaluation.;;
184;CrowdTest: Gamification as Cognitive Support to Improve Bug Report Quality in Crowdsourced Software Testing;Gautam, Prabin;2026;Journal of Soft Computing Paradigm;String E;UNSURE;IC-P: Directly about improving bug report quality ✓. IC-I: Uses gamification + cognitive support but unclear if LLM/DL is the automation technique (gamification ≠ LLM). Requires full-text.;INCLUDE;CrowdTest directly measures inter-rater agreement between 3 independent evaluators on bug report quality dimensions including reproducibility, clarity, and completeness — the exact dimensions you need for Gap-M baseline. Paper reports inter-rater reliability metrics explicitly. This is a high-quality baseline study establishing human agreement on reproducibility assessment.
185;Towards a Human-in-the-Loop Framework for Reliable Patch Evaluation Using an LLM-as-a-Judge;"Shi, Sherry; Wei, Renyao; Tufano, Michele; Cambronero, José; Cheng, Runxiang; Ivančić, Franjo; Rondon, Pat";2025;;String E;UNSURE;IC-I: Uses LLM ✓. IC-P: Patch evaluation not bug report quality assessment (different task). EC-O: Topic appears to be patch evaluation, not bug report reproducibility/clarity. Likely EXCLUDE but full-text needed.;EXCLUDE;While this paper reports Cohen's Kappa (0.75, 0.57), it addresses a different task: evaluating patch validity (correctness of fixes) using human raters + LLM. It does NOT assess bug report quality (reproducibility, clarity, completeness). The κ values compare LLM judgments to human consensus, not human-vs-human baseline for report quality assessment. Not suitable for Gap-M.
186;Detecting Feature Requests of Third-Party Developers through Machine Learning: A Case Study of the SAP Community;"Kauschinger, Martin; Vieth, Niklas; Schreieck, Maximilian; Krcmar, Helmut";2023;;String E;EXCLUDE;EC-O: Classifying feature requests vs. bugs ≠ assessing bug report quality.;;
187;Cryptography Vulnerabilities on HackerOne;"Hazhirpasand, Mohammadreza; Ghafari, Mohammad";2021;2021 IEEE 21st International Conference on Software Quality, Reliability and Security (QRS);String E;EXCLUDE;IC-P: Vulnerability analysis ≠ bug report quality assessment (IC-P: reproducibility/clarity/completeness). EC-O: Topic mismatch.;;
188;What Causes Bugs in Numerical Simulation Software? An Empirical Study;"Li, Xiaochen; Zhu, Youcheng; Guo, Shikai; Jiang, He";2025;IEEE Transactions on Reliability;String E;EXCLUDE;EC-O: Root cause analysis of bugs ≠ assessing bug report quality (reproducibility/clarity/completeness). IC-I: No indication of LLM/DL for automatic bug report quality evaluation.;;
189;Structured representations for inspectable AI : knowledge graphs and latent trees;Thoma, Ethan;2026;;String E;EXCLUDE;IC-T, thesis;;
190;A Comprehensive Study of OOP-Related Bugs in C++ Compilers;"Wang, Bo; Chen, Chong; Chen, Junjie; Xu, Bowen; Ye, Chen; Lin, Youfang; Dong, Guoliang; Sun, Jun";2025;IEEE Transactions on Software Engineering;String E;EXCLUDE;EC-O: Categorizing compiler bugs ≠ assessing bug report quality. IC-I: No LLM/DL automation technique mentioned.;;
191;A Systematic Literature Review of Empirical Methods and Risk Representation in Usable Privacy and Security Research;"Distler, Verena; Fassl, Matthias; Habib, Hana; Krombholz, Katharina; Lenzini, Gabriele; Lallemand, Carine; Cranor, Lorrie Faith; Koenig, Vincent";2021;ACM Transactions on Computer-Human Interaction (TOCHI);String E;EXCLUDE;EC-O: Privacy/security usability research ≠ bug report quality assessment. IC-N: Systematic review (not original experiment).;;
192;Data Readiness for AI: A 360-Degree Survey;"Hiniduma, Kaveen; Byna, Suren; Bez, Jean Luca";2025;ACM Computing Surveys;String E;EXCLUDE;EC-O: Data quality for AI ≠ bug report quality assessment. IC-N: Survey paper (not original experiment).;;
193;Expanding Fix Patterns to Enable Automatic Program Repair;"Nowack, Vesna; Bowes, David; Counsell, Steve; Hall, Tracy; Haraldsson, Saemundur; Winter, Emily; Woodward, John";2021;2021 IEEE 32nd International Symposium on Software Reliability Engineering (ISSRE);String E;EXCLUDE;EC-O: Automatic program repair ≠ assessing bug report quality. IC-P: About fixing bugs, not evaluating report quality.;;
194;A survey on machine learning techniques applied to source code;"Sharma, Tushar; Kechagia, Maria; Georgiou, Stefanos; Tiwari, Rohit; Vats, Indira; Moazen, Hadi; Sarro, Federica";2024;Journal of Systems and Software;String E;EXCLUDE;EC-O: ML on source code (general) ≠ bug report quality assessment. IC-N: Survey paper (not original experiment).;;
195;Assessing Urdu Language Processing Tools via Statistical and Outlier Detection Methods on Urdu Tweets;"Zoya; Latif, Seemab; Latif, Rabia; Majeed, Hammad; Jamail, Nor Shahida Mohd";2023;ACM Transactions on Asian and Low-Resource Language Information Processing;String E;EXCLUDE;EC-O: NLP tool evaluation on tweets ≠ bug report quality assessment. IC-P: Language processing, not bug reports.;;
196;Bolstering the Persistence of Black Students in Undergraduate Computer Science Programs: A Systematic Mapping Study;"Belle, Alvine B.; Sutherland, Callum; Adesina, Opeyemi O.; Kpodjedo, Sègla; Ojong, Nathanael; Cole, Lisa";2023;ACM Transactions on Computing Education;String E;EXCLUDE;EC-O: CS education/diversity ≠ bug report quality assessment. IC-N: Mapping study (not original experiment).;;
197;Enhancing Dialectal Arabic Sentiment Analysis Using Deep Learning;"Ali, Abbas; Barışçı, Necaattin";2026;ACM Transactions on Asian and Low-Resource Language Information Processing;String E;EXCLUDE;IC-T, thesis;;
