"BUG-ID","S2R Label","S2R Irrep Category","Reason","OB Category","OB Label","Reason","EB Category","EB Label","Reason"
"MC-300962 Improved","Executable","","","Present","Sufficient","","Present","Accurate",""
"MC-299218 Improved","Non-Executable","Missing Information","No information for jukebox to work","Present","Sufficient","","Present","Accurate",""
"MC-301018 Improved","Executable","","","Present","Insufficient","bedrock edition ambiguous","Present","Accurate",""
"MC-300634 Improved","Non-Executable","Missing Information","Missing how to locate and structure the trapdoor and a staircase.","Present","Sufficient","","Present","Accurate",""
"MC-299909 Improved","Executable","","","Present","Sufficient","","Present","Accurate",""
"MC-300861 Improved","Executable","","Good improvement","Present","Sufficient","","Present","Accurate",""
"MC-300776 Improved","Executable","","","Present","Sufficient","","Present","Inaccurate","Those are feature requests, not the expected behavior of the game mechanics"
"MC-300107 Improved","Executable","","","Present","Sufficient","","Present","Inaccurate","Creation on an oxidized block gives the golem its final oxidation state immediately—it does not continue oxidizing."
"MC-300598 Improved","Non-Executable","Wrong Information","You cannot use /summon command in survival mode","Present","Sufficient","","Present","Accurate",""
"MC-300539 Improved","Executable","","","Present","Sufficient","","Present","Accurate",""
"MC-301151 Improved","Executable","","","Present","Sufficient","","Present","Accurate",""
"MC-300562 Improved","Executable","","","Present","Sufficient","","Present","Accurate",""
"MC-300836 Improved","Executable","","","Present","Sufficient","","Present","Accurate",""
"MC-300033 Improved","Executable","","GOOD IMPROVEMENT","Present","Sufficient","","Present","Accurate",""
"MC-300774 Improved","Executable","","","Present","Sufficient","","Present","Accurate",""
"MC-300409 Improved","Non-Executable","Missing Information","It should include allow commands option on","Present","Sufficient","","Present","Accurate",""
"MC-300891 Improved","Non-Executable","Missing Information","How to check the block state is missing. Can be understood from OB","Present","Sufficient","","Present","Accurate",""
"MC-300737 Improved","Executable","","Create a method that runs every thick"" Assumed in the attached files this have","Present","Sufficient","","Present","Accurate",""
"MC-301132 Improved","Executable","","","Present","Sufficient","","Present","Accurate",""
"MC-300420 Improved","Executable","","","Present","Sufficient","","Present","Accurate",""
"MC-301221 Improved","Non-Executable","Wrong Information","in survival mode /summon command not active","Present","Sufficient","","Present","Accurate",""
"MC-300973 Improved","Executable","","","Present","Sufficient","","Present","Accurate",""
"MC-301125 Improved","Executable","","","Present","Insufficient","some information are made up by the LLM","Present","Accurate",""
"MC-301203 Improved","Executable","","","Present","Sufficient","","Present","Accurate",""
"MC-300031 Improved","Executable","","","Present","Sufficient","","Present","Accurate",""
"MC-301159 Improved","Non-Executable","Wrong Information","Redstone torchs are always active","Present","Sufficient","","Present","Inaccurate","rails cannot change position"
