"Issue Key","Summary","Type","Affects Version/s","Labels","Confirmation Status","Category","Resolution","Fix Version/s","Description"
"MC-298921","ctrl + g","Bug","1.21.6","None","Unconfirmed","(Unassigned)","Cannot Reproduce","None","When attempting to hit the G key after the ctrl key is held down, minecraft does nothing with it. G used to be my drop key, but i have since rebound it to something else, and even rebound, if I hold ctrl and then attempt to click the G key, the G key doesn’t register. Without ctrl held, the G key works as intended\n\n"
"MC-299218","full screen bug","Bug","1.21.6; 1.21.7 Release Candidate 2","None","Unconfirmed","(Unassigned)","Cannot Reproduce","None","When turning the full screen on or off, the game freezes for a while, about five seconds, and then the jukebox goes silent, and I don't notice anything else.\n\n"
"MC-299342","hyper potions lava chicken music doesn't play","Bug","1.21.7","None","Unconfirmed","(Unassigned)","Cannot Reproduce","None","i played the “lava chicken” music disc on a jukebox, it plays but there is no audio, all of the volumes in the “Music & Sounds“ tab is all set to 100%, although, this ever happened with Amos Roddy - Tears but it got fixed in the 1.21.6 release, but this time, it didn’t get fixed in the 1.21.7 release\n\n"
"MC-299897","XP not increasing when using two Mending items – one in main hand, one in offhand","Bug","1.21.8","None","Unconfirmed","(Unassigned)","Cannot Reproduce","None","When holding two items with the Mending enchantment — one in the main hand (e.g. sword) and another in the offhand (e.g. pickaxe or shield) — XP stops increasing completely.\n\n\n\nEven if both items are at full durability and should not receive XP, the game seems to still prioritize XP repair logic and ""gets stuck"".\n\n\n\nThe XP does not go to the Mending items (because they’re full) nor to the player’s XP bar. It seems the game assigns the XP to both tools and never lets go.\n\n\n\n⚠️ Important notes:\n\n- The bug only triggers if the item used to **attack (like a sword)** has Mending.\n\n- After this, even removing the items doesn’t fix XP gain — it stays broken until you remove **all Mending items** from both hands and inventory.\n\n\n\n🎯 Reproduction Steps:\n\n1. Get two tools with Mending (e.g. sword and pickaxe).\n\n2. Hold sword in main hand and pickaxe in offhand.\n\n3. Kill mobs or collect XP orbs.\n\n4. XP does not go to player’s XP bar.\n\n5. Remove tools — XP still bugged unless all Mending items are gone.\n\n\n\n🧠 Theory:\n\nThe game prioritizes XP to both items. If both are full, it locks XP in a repair loop and blocks player progression.\n\n\n\nThis was tested in:\n\n- Minecraft Java Edition 1.21\n\n- Vanilla (no mods)\n\n- Survival and Creative\n\n- New and old worlds\n\n\n\nPlease fix this — XP is a vital mechanic and this bug can make worlds feel broken or corrupted.\n\n"
"MC-299632","NBT ""ArmorItems"" and ""HandItems""(maybe there are some other NBT) can't be used normally.","Bug","1.21.7","None","Unconfirmed","(Unassigned)","Cannot Reproduce","None","Sorry,I wrong.\n\n"
"MC-299909","Failed to load texture for profile","Bug","1.21.8","None","Unconfirmed","(Unassigned)","Cannot Reproduce","None","Cant load skin texture. Use vanilla. Skin selected in browser/launcher. After start play in singleplayer/multiplayer, after some time i got an error in console\n\n> `java.util.concurrent.CompletionException: java.io.UncheckedIOException: java.net.SocketException: A connection attempt failed because the connected party did not properly respond after a period of time, or established connection failed because connected host has failed to respond`\n> \n> \n\nhttp - protocol not work for downloading, replace it with httpsWhen try to download skin from java application with http - connection time out always, with https downloading process is done\n\n"
"MC-299966","Dinnerbone doesn't affect happy ghasts","Bug","1.21.8","None","Unconfirmed","(Unassigned)","Cannot Reproduce","None","I cant dinnerbone my happy ghast\n\n"
"MC-300025","Interactions can't be interacted","Bug","1.21.8","None","Unconfirmed","(Unassigned)","Cannot Reproduce","None","1. /summon interaction ~ ~ ~\n\n\n2. Right click to this interaction\n\n\n3. /data get entity @e[type=interaction, limit=1, sort=nearest]\n\n\n4. There is not a NBT “interaction”\n\n\n\n\n\n"
"MC-300031","vindicators not spawning on a raid","Bug","1.21.8","None","Unconfirmed","(Unassigned)","Cannot Reproduce","None","vindicators not spawning on raids for some reason, meaning no totems\n\nedit: this bug does not exist i just thought wrong\n\n"
"MC-300033","Item duplication with /item modify command","Bug","1.21.8","None","Unconfirmed","(Unassigned)","Cannot Reproduce","None","Steps to reproduce the issue:\n\n-place a repeating command block with this command:\n\nitem modify entity @a weapon.mainhand {""function"":""minecraft:set_damage"",""damage"": -0.001,""add"": true}\n\n-hold an item with more than 1000 max durability in your hand and it’s durability should start decreasing\n\n-open the inventory and hover the cursor on the slot with the item\n\n-repeatedly press the key to move the item to another slot and bring it back\n\n\n\nExpected result:\n\nthe item does not duplicate\n\n\n\nActual result:\n\neventually the item will duplicate\n\n"
"MC-300107","Oxidised Copper Golem doesn't turn into Oxidised Copper Golem Statue","Bug","25w31a","None","Unconfirmed","(Unassigned)","Cannot Reproduce","None","**Description:** Oxidised Copper Golem doesn't turn into Oxidised Copper Golem Statue\n\n**Ways to Reproduce:** Create a new creative world, and use the “Oxidised Copper Block” and “Carved Pumpking” items to create multiple Copper Golems\n\nAdditionally you can do /tick rate 400 or something like that (note: changing the randomtickspeed doesn’t affect Copper Golems and it is already reported as a bug)\n\n**Expected Result:** The Oxidised Copper Golems would become Oxidised Copper Golem Statues\n\n**Observed Result:** They don’t\n\n"
"MC-300143","game behaves as if the reducedDebugInfo gamerule was set to true even when it's false","Bug","25w31a","None","Unconfirmed","(Unassigned)","Cannot Reproduce","None","Most options in the F3+F5 screen are greyed out and say “Not visible when debug info is reduced” when I hover over the text.\n\nF3+B and F3+G also don’t work regardless of the gamerule.\n\n"
"MC-300388","mobs in spawners that spawn in water will only spawn in natural water","Bug","1.21.8","None","Unconfirmed","(Unassigned)","Awaiting Response","None","make a big box and fill it with water source blocks and put a spawner in the box then place a egg in the spawner that would need water to spawn if in the mob spawner\n\ni expected the mobs to spawn in the water\n\nsome of the mobs that need water to spawn from mob spawners will only spawn in naturally generated water but will not spawn in artificial water ex: axolotl, squid, tropical fish, cod but others ex: elder guardian, tadpole when placed in a mob spawner and in the water source box spawned in the artificial water\n\ni tried this in a superflat default world and a creative world in the lukewarm ocean and ice spikes biome\n\n"
"MC-300395","Corrupted blocks","Bug","1.21.8","None","Unconfirmed","(Unassigned)","Awaiting Response","None","My game world has been corrupted, and large blocks have been moved around, disrupting my builds.\n\nI already sent a debug request at the beginning of the month, but I haven’t heard back since they asked for debug file, so I enclose again, along with screenshots. I will attach debug folder contents.\n\nI would like this resolved, please. It took a long time to build, and it’s seriously damaged. Thank you!\n\n"
"MC-300396","status effects' duration continues to decrement while on pause screen in single player","Bug","25w31a","None","Unconfirmed","(Unassigned)","Cannot Reproduce","None","To reproduce, create a world, give yourself a status effect of a set duration, and pause the game for that duration. Once the duration has elapsed, unpause the game and check if the status effect is still applied.\n\nIt would be expected that the timer is paused when the game is paused. For example, drinking a potion and pausing the game should not consume the duration of that potion.\n\nCurrently, status effects' duration continue to decrement while on the pause screen in single player.\n\n"
"MC-300408","Copper Golem memory does not register checked blocks in a proper order","Bug","25w31a; 25w32a","None","Unconfirmed","(Unassigned)","Awaiting Response","None","1. Setup a line with 10 chests with any item\n\n\n2. Take notice of the coordinates of each chest\n\n\n3. Place a copper chest with an item that is not contained in any other chest\n\n\n4. Take notice of the order in which the golem open the chests\n\n\n5. Wait for the golem to open the last chest, then immediatly use /tick freeze\n\n\n6. Use /data get command to access the checked blocks list in the golem’s memory \n\n\n7. Compare the coordinates of the blocks in the list and the order observed in step 4\n\n\n\n\n\nExpected Result: the order of the list in the golem’s memory would be the same as the order in which it opend the chests.\n\nActual Result: the order os the list in the golem memories does not correspond to the order in which the chests were opend. \n\n\n\n"
"MC-300409","Piglin can rarely drop command block","Bug","25w31a","None","Unconfirmed","(Unassigned)","Awaiting Response","None","When I working of Zombified Piglin farm with auto Piglin and Copper Golem sort system, /tp @e[type=piglin] ~ ~ ~ to magma block and wait it to die, then it dropped command block (this don’t contain any code)\n\nI don’t have any picture now, cuz this happend when piglin don’t have anything to trade with (maybe?)\n\n"
"MC-300420","Sprint Window slider shows useless values","Bug","25w31a","None","Unconfirmed","(Unassigned)","Awaiting Response","None","You cannot sprint by double-tapping W after setting the sprint window option to 1 or 2. It seems that this duration includes both movement start ticks (see attachment), which means that setting the option to 2 would require you to press W once in two consecutive ticks (which just gets interpreted as holding W), and setting it to 1 requires two presses within a single tick (impossible due to how the game registers inputs).\n\n"
"MC-300473","when an invisible item frame is given to the player using commands, then the game gets updated to a newer version, the game crashes.","Bug","25w31a","None","Unconfirmed","(Unassigned)","Awaiting Response","None","i made a invisible item frame using commands. it was in my inventory and when placed, seemed invisible. The item frame worked like a normal item frame. for some reason though, when i updated to the new snapshot (25w31a) clicking the item frame to put in my inventory crashed my game. i tried using a hotbar indicator, which worked. I could not fix the chest problem though.(this works in shulkers as well. \n\n\n\n"
"MC-300497","Ican not play the game if I use the Intel Driver","Bug","1.21.8; 25w31a","None","Unconfirmed","(Unassigned)","Awaiting Response","None","Ican not play the game if I use the Intel Driver\n\n"
"MC-300515","endermans try teleporting when in boats","Bug","25w31a","None","Unconfirmed","(Unassigned)","Incomplete","None","endermans try to and make sounds of teleporting when in boats\n\n"
"MC-300516","pillager patrols spawn without a capitain","Bug","25w31a","None","Unconfirmed","(Unassigned)","Incomplete","None","no banner pillager is present in patrols\n\n"
"MC-300519","Eyes of Ender locate to the Nearest Mineshaft instead of Stronghold","Bug","1.21.8","None","Unconfirmed","(Unassigned)","Awaiting Response","None","The eyes on ender locate to the nearst Mineshaft instead of the typical stronghold on some specific seeds/environment (i didnt check sadly)\n\n"
"MC-300524","A bug where hostile mobs don't spawn in Realms.","Bug","1.21.8","None","Unconfirmed","(Unassigned)","Awaiting Response","None","Hostile mobs do not spawn, or spawn very rarely, even at night. Changing the game difficulty to reset mob spawning doesn't help. The issue doesn't occur before the chunk is loaded, but once the chunk has been loaded, hostile mobs stop spawning completely.\n\n"
"MC-300526","After unpausing, Minecraft keeps fluctuating between 5 and 30 FPS and doesn't return to normal.","Bug","25w31a","None","Unconfirmed","(Unassigned)","Awaiting Response","None","I left the game paused for a while, and when I came back, the FPS was much lower and wouldn’t return to normal. This isn’t the first time it has happened in this snapshot.\n\n"
"MC-300527","There is a bug where 4 moon phases are over the sun and 4 moons below the sun","Bug","1.21.8; 25w31a","None","Unconfirmed","(Unassigned)","Awaiting Response","None","This has happened since some 1.21.6 snapshots and the official 1.21.6 update\n\n"
"MC-300529","Line divides the screen","Bug","1.21.8","None","Unconfirmed","(Unassigned)","Awaiting Response","None","Every time I wake up from sleeping in bed, there is a line in the middle of the screen similar to a beacon. If I move, it disappears.\n\n"
"MC-300530","Inventory glitch","Bug","25w32a","None","Unconfirmed","(Unassigned)","Awaiting Response","None","Hi im Mug_of_pug there’s a bug when I open my Inv in 1.21.8 then exit it it goes away but sometimes I drag my mouse it pops up around the screen in the corner it happens to my friend also so im reporting this bug, it’s in bedrock also\n\n"
"MC-300535","Some entities freeze upon entering this chunk","Bug","25w31a","None","Unconfirmed","(Unassigned)","Awaiting Response","None","When some entities touch this chunk, they freeze instantly and stop receiving damage from effects like fire. Despite this, these entities can be damaged by the player, but just one first time; after that, they stop taking damage.\n\nProjectiles and thrown items are affected too. Tamed horses don’t freeze just if you are on them, but you can’t dismount them while being in the chunk.\n\nIf a mob is killed by explosions from another chunk, the body remains on the floor, not ending the death animation, but turning the mob red and throwing the mob drop. This was tested with a creeper explosion.\n\nSpecific cases are, for example:\n\n* A zombie burning down doesn’t die, and it doesn’t start burning if it entered at night.\n\n\n* A witch keeps the potion effect that was taking when entering the chunk.\n\n\n* Endermen can’t teleport; in those cases, the particles are still moving.\n\n\n* Arrows don’t do damage to the player.\n\n\n* A tamed horse stops freezing if it’s mounted.\n\n\n* Items can’t be taken and start popping/falling infinitely.\n\n\n* Shulkers can’t move or open, but their projectiles still move in a straight line and despair at a range.\n\n\n* TNT makes the explosion animation but just disappears without making any damage.\n\n\n\nWe were playing on a server. The seed where we found it was `-9101802231045030160`, at XYZ: `166`/`100`/`-270`. When all players exit the world, the bug disappears, making all effects play together.\n\n"
"MC-300539","Phantoms spawn during the first night on a world.","Bug","25w31a","None","Unconfirmed","(Unassigned)","Awaiting Response","None","Phantoms will spawn in the overworld night sky regardless of the amount of time passed in the world. \n\nSteps to reproduce:\n\n1. Create a world\n\n2. Wait for the game to turn to night\n\n\n\nExpected result: Phantoms spawn at night if the player has not slept for three in-game days.\n\nActual result: Phantoms spawn on the first night if the player hasn’t slept once.\n\n\n\n\n\n"
"MC-300546","Spawning bug","Bug","1.21.8","None","Unconfirmed","(Unassigned)","Awaiting Response","None","In the first wave, pillagers spawned on an island beside the village and were completely passive, and the captain dropped an ominous bottle\n\n\n\n"
"MC-300562","Ender Dragon bring about unusual acceleration","Bug","1.21.8","None","Unconfirmed","(Unassigned)","Awaiting Response","None","When the Ender Dragon is lingering over the return portal, it has no hitbox except for its head. This allows the player to be positioned inside the dragon's center. At the moment when the Ender Dragon tries to take off again, its hitbox reappears, and the player gets launched away. If the player shoots an arrow at that precise moment, the resulting arrow velocity becomes extremely high—not because the actual knockback on the Ender Dragon is particularly strong, but possibly because knockback is still being calculated internally (server-side?). Since arrow velocity is apparently calculated based on the internal values, the closer the player is to the dragon's center, the more abnormal the resulting arrow speed becomes. This is what is being claimed.\n\nExpected result: Arrow velocity should correspond to the actual knockback experienced by the player.Actual result: Either the internal knockback calculation on the Ender Dragon is absurdly exaggerated, or arrow velocity is being calculated based on internal values—at least one of these must be true, resulting in extremely high arrow speeds.\n\nWhile it's questionable whether knockback behavior should follow a purely exponential function—especially considering the changing hitbox—it remains unclear how much of this behavior is intentional.\n\nI don't have the equipment or specs to record a video myself, so I can't demonstrate the behavior in the latest version. However, there is an older version video that explains a bug caused by the same underlying factors, which I believe serves as a helpful reference. It should be reproducible using the same steps.  \n\n"
"MC-300572","Copper Golem prioritizes going up blocks instead of copper/wooden chests","Bug","25w31a","None","Unconfirmed","(Unassigned)","Awaiting Response","None","Expected Result: Copper Golems open copper chests before moving (up).\n\nActual Result: Most continue up to the top and *then *start opening chests.\n\n(Other issue/bug reports were not loading for me at this time, so I apologize if there is a similar problem I didn’t merge this one with.)\n\n"
"MC-300574","Zombies","Bug","1.21.8","None","Unconfirmed","(Unassigned)","Awaiting Response","None","Zombies stand still on a campfire and freeze up \n\n"
"MC-300598","fire animation on mobs","Bug","1.21.8","None","Unconfirmed","(Unassigned)","Awaiting Response","None","In a lava flow, when a mob is burning the fire animation appears, only the damage animation\n\n"
"MC-300599","Piston Issue","Bug","1.21.8","None","Unconfirmed","(Unassigned)","Awaiting Response","None","By cloning a flying flying machine some parts of it disappear and get replaced to areas, where you can walk through but can't place anything. You also can't mine in this area. \n\n"
"MC-300602","Trees growing under water?","Bug","25w31a","None","Unconfirmed","(Unassigned)","Awaiting Response","None","Spotted some trees growing inside of a lake while exploring caves, not much else to really say about it.\n\n"
"MC-300607","Hostile mobs spawning during day and not burning | Worlds seem to be dark as if it is inside a cave","Bug","1.21.8","None","Unconfirmed","(Unassigned)","Awaiting Response","None","Mobs are actively spawning in as if it is night, and the world seems to be very dark as if there is a giant cover of blocks over it. This is occurring inside of any world I open. Additionally, when placing blocks light seems to be created out of nowhere. Sleeping is not possible during day and sleeping during night does not change the state of the bug. Interestingly enough, whilst fooling around on a superflat testing world, no slimes were spawning in. The only hostile mobs spawning in were zombies, skeletons, creepers, spiders, and enderman. No slimes as per usual on a superflat. Also this is happening ONLY to my existing worlds no newly created worlds have this bug, even when leaving the world and rejoining. ALSO it only seems to be happening within certain chunks. Overall this is just an extremely  strange bug which I have not seen anyone talk about. I presume this is an issue with past mods I installed and uninstalled BUT I want to make sure this isn’t an actual bug which I can fix. (I know this probably isn’t important, but I want to be as thorough as possible, so I will say that there are no visible bugs on multiplayer worlds/servers).\n\n\n\n"
"MC-300611","zombie piglin mass spawning around nether portal in the overworld","Bug","1.21.8; 25w31a","None","Unconfirmed","(Unassigned)","Awaiting Response","None","Game is constantly spawning large numbers of zombie piglin around  the nether portal in the over world. Not just one every once in a while, but up to 10 and counting within minutes of game play. closing and reloading world and relaunching the game does not change or help.\n\n"
"MC-300612","mobs floating instead of walking","Bug","1.21.8; 25w31a","None","Unconfirmed","(Unassigned)","Awaiting Response","None","Mobs are floating over blocks instead of jumping and walking. When attacking mobs, they don't jump back, they float backwards, almost glitching across the screen. As if the mobs themselves are lagging in game, but the game isn't lagging. Relaunching game does not help.\n\n"
"MC-300614","not able to eat food in main hand","Bug","1.21.8; 25w31a","None","Unconfirmed","(Unassigned)","Awaiting Response","None","When holding food in the main right hand, the eating particles and noises are produced, but the food is not being consumed. The hunger bar doesn’t fill, the food is just endlessly being eaten (until stopping the right click), and stack number of the food does not decrease. Relaunching doesn’t help.\n\n"
"MC-300618","Minecraft has another glitch","Bug","1.21.8","None","Unconfirmed","(Unassigned)","Awaiting Response","None","## Near Broken, Full Durability Tools\n\n#### On 5/8/25 I went into my Hermitcraft season 9 wold And My netherite tools had their Durability bars looking like they were going to break\n\nwith another use, I'm certain that I rarely used them, on my previous play session. I thought The game was just having a moment, so i tried repairing\n\nthem to full  Durability, I checked my old armor and tools that had been used and they had the durability glitch. sorry for bothering you and thank you for  \n\nmaking a game as great  Minecraft Congrats and Thank you for taking your time to read this report. \n\n\n\n"
"MC-300620","Fishing bobber's OnGround flag alternates every tick when on the ground","Bug","1.21.8","None","Unconfirmed","(Unassigned)","Awaiting Response","None","When a fishing bobber entity (minecraft:fishing_bobber) touches the ground, its OnGround flag alternates between 0b and 1b every tick.\n\n"
"MC-300634","It some time lag aur hang for some mili seconds near trapdoor or while climbing on stairs","Bug","25w32a","None","Unconfirmed","(Unassigned)","Awaiting Response","None","It some time lag aur hang for some mili seconds near trapdoor or while climbing on stairs . My device is samsung m31 . It happens in my device and as well as with my friends also.\n\n"
"MC-300643","1.21.8 not launching on some AMD graphics cards","Bug","1.21.8; 25w31a","None","Unconfirmed","(Unassigned)","Awaiting Response","None","Hello, I have been unable to launch the latest version of Minecraft (1.21.8) and the latest snapshot using my AMD rx 7600 xt 16gb. The game will run in the background according to task manager and Minecraft launcher says it is running as well, but no game window appears. With my old nvidia GTX 1050 pc the game WILL open. The AMD card CAN play 1.21.0 and 1.20. Other users on the server i play report similar issues with their AMD graphics cards. I reinstalled the game 3 times with the same result each time. AMD driver version: 32.0.21013.1000, date 5/26/2025.  Reproduce the issue: Use an amd rx 7600 xt 16gb or other graphics cards the community cannot launch the game on. Specifications of the AMD pc: 7600 xt 16gb, 32gb ddr5, r7 9800x3d, b650 mobo, 2tb m.2 pcie gen 4. Nvidia pc that COULD run the game: gtx 1050 2GB, r5 4500, 16gb ddr4, 256gb/1tb sata SSDS (2), b450\n\n\n\n"
"MC-300647","Cant do torch anymore","Bug","1.21.8","None","Unconfirmed","(Unassigned)","Cannot Reproduce","None","Cant do torch\n\n"
"MC-300649","Resource pack overlays not working on Linux / macOS","Bug","1.21.8","None","Unconfirmed","(Unassigned)","Awaiting Response","None","**Steps to reproduce the issue:**\n\n1. Create a resource pack with overlays\n\n\n2. Activate the resource pack\n\n\n\n**Expected result:**Resource pack overlays also getting applied on Linux / macOS\n\n**Actual result:**Resource pack overlays not getting applied.\n\n"
"MC-300659","Perder la compra de Minecraft: Java & Bedrock Edition for PC","Bug","25w32a","None","Unconfirmed","(Unassigned)","Awaiting Response","None","Ya no puedo descargar el iniciador \n\n"
"MC-300683","Clicking on text-bearing blocks within any UI except the inventory results in a game crash.","Bug","25w31a","None","Unconfirmed","(Unassigned)","Awaiting Response","None","Clicking on text-bearing blocks (e.g., signs) within any UI except the inventory triggers a game crash.\n\n"
"MC-300715","block glitch","Bug","1.21.8","None","Unconfirmed","(Unassigned)","Awaiting Response","None","i saw ender dragon head like this… so i retarted game and i still looked like this so just sayin\n\n"
"MC-300731","The Minecraft: Java Edition program flashes when I am inactive just in the main menu","Bug","25w32a","None","Unconfirmed","(Unassigned)","Awaiting Response","None","The main menu should remain stable and not flash or flicker.\n\nThe program begins flashing intermittently when inactive on the main menu. This behavior is distracting and may indicate a rendering or UI issue.\n\nPlease investigate and fix this issue. It affects the user experience even before gameplay begins and could be related to how the menu screen handles idle states or graphics rendering. A stable main menu is important for accessibility and usability.\n\n"
"MC-300736","Skeleton Bow Visual Glitch","Bug","25w32a","None","Unconfirmed","(Unassigned)","Awaiting Response","None","Skeleton bow isnt upright it stays down even while shooting\n\n"
"MC-300737","Game randomly crashes in Singleplayer because of HashMap ConcurrentModificationException","Bug","1.21.8","None","Unconfirmed","(Unassigned)","Awaiting Response","None","When attempting to play the game in singleplayer, there's a random chance the game might crash. Most of the time, it's HashMap#computeIfAbsent throwing ConcurrentModificationException.This issue happens because the hash map is the same object in both client and server in singleplayer. This creates a problem where the game can crash because when client thread runs computeIfAbsent on the map, server might add or remove entry from the map and vice versa.\n\nThis issue happens pretty sparsely and rarely because in the key is same in both threads most of the time which the exception isn’t thrown if an existing value gets changed when computeIfAbsent is running. This leaves pretty small time gap which makes it hard to reproduce. Though you can create a random string array, use them as keys and put them to HashMap, clear and redo it every tick in a method that runs in both threads to recreate it more easily.\n\nAs specified in JDK-8071667, this only happens if you use compute, computeIfAbsent, computeIfPresent or merge methods. It is specific to HashMap and other HashMap types.\n\nIn attachments there’s a method that recreates the crash which runs every player tick in both threads. strings is an array of 1000 random strings, map is String to String HashMap.\n\n"
"MC-300745","copper golem path finding error","Bug","25w32a","None","Confirmed","Mob behaviour","Awaiting Response","None","In vanilla minecraft, when the copper golem is at the edge of a long tube besides a platform, the copper golem will jump off the platform on their own, this can be replicated in a vanilla client using the official launcher\n\n"
"MC-300760","Realms list isn't sorted","Bug","1.21.8","None","Plausible","UI","Cannot Reproduce","None","The bug with the Realms list is completely messed up, before I had active Realms on top, and inactive ones on the bottom, I don’t know why exactly this happened, but I want to say that it happened after me removed from one Realms and after returned Honey Missile Wars, Bleps: Nocked and Loaded, Duel TNT, and Biome Run Remix\n\n"
"MC-300761","Windows HDR auto close","Bug","25w32a","None","Unconfirmed","(Unassigned)","Awaiting Response","None","When I start the game, the HDR function of the Windows system well automatically turned off.\n\n\n\n"
"MC-300768","two overworld portals are connected to the same nether portal","Bug","25w32a","None","Unconfirmed","(Unassigned)","Incomplete","None","i linked a nether portal in the overworld near my house to the nether but when  tried to go back it sent me 300 blocks away from my house in an underground cave in the deepslate level \n\n"
"MC-300774","Cant steam in discord, Error code -1073740791","Bug","1.21.8","None","Unconfirmed","(Unassigned)","Awaiting Response","None","While playing java edition in multiplayer, trying to steam the game in discord only menu bar is showing. only few time game is getting steam on that time its too laggy\n\n"
"MC-300776","Players do not gain immediate acceleration when flying downwards using an elytra with fireworks as a result of gravity.","Bug","1.21.8; 25w32a","None","Unconfirmed","(Unassigned)","Awaiting Response","None","Currently, when flying downward with fireworks using an elytra, the player does not gain immediate acceleration like they would with a Riptide trident. Instead, they must wait for the firework boost to expire before gravity takes full effect. It would improve control and consistency if downward boosts provided immediate acceleration, similar to Riptide tridents. Not sure if this is intended behavior or an oversight.\n\n\n\n(This probably affects all versions with elytra but i don’t know how to choose all versions in the 'affects versions' section above)\n\n"
"MC-300778","killing an item by using command could not trigger a 7 level signal input calibrated sculk sensor","Bug","1.21.8; 25w32a","None","Unconfirmed","(Unassigned)","Cannot Reproduce","None","i used /kill to kill an item but it did not trigger the calibrated sculk sensor\n\ntested in 25w32a\n\n"
"MC-300786","Issue with Arabic Language in Minecraft","Bug","25w33a","None","Unconfirmed","(Unassigned)","Awaiting Response","None","\n\nDear Mojang Support,\n\nI would like to report an issue with the Arabic language support in Minecraft. The current implementation has several problems, including incorrect text alignment, broken word formatting, reversed letters, and an unsuitable font that is hard to read. These issues make the game difficult to enjoy for Arabic-speaking players.\n\nPlease consider improving Arabic localization and using a proper Arabic font to ensure a better experience for all users.\n\nThank you for your attention.\n\n"
"MC-300789","Floating Vines","Bug","1.21.8","None","Unconfirmed","(Unassigned)","Incomplete","None","In a jungle I found floating vines without any trees there\n\n"
"MC-300792","Bug with camera","Bug","1.21.8","None","Unconfirmed","(Unassigned)","Awaiting Response","None","Today i hold shift and D keybind and my camera started shocking up down i don’t know what it that but it’s a bug\n\n"
"MC-300793","Stopped gaining expeirience","Bug","1.21.8","None","Unconfirmed","(Unassigned)","Awaiting Response","None","I died exploring an end city after defeating the ender dragon and havent leveled up since. ive killed plenty of mobs idk whats going on\n\n\n\n"
"MC-300806","Non-existent structure block","Bug","1.21.8","None","Unconfirmed","(Unassigned)","Incomplete","None","###### help please I was just building in my minecraft world with the structure block, when I broke all the structure blocks I was left with the surrounding area of my build with no structure block and I don't know what to do anymore.\n\n\n\n"
"MC-300807","'weathering_copper_trap_door' block type ID is inconsistent with 'trapdoor' block type ID and block names","Bug","25w32a","None","Unconfirmed","(Unassigned)","Awaiting Response","None","Generally, block type IDs seem to be accurate to their respective blocks' names; however, `weathering_copper_trap_door` is one case where this is not true. The block type registry is exposed in the blocks' data generator report, meaning this behavior is observable with the vanilla Minecraft server JAR. \n\n**Steps to reproduce**\n\n1. Run the data generator\n\n\n2. Search for `weathering_copper_trap_door` in the output, observing that it exists\n\n\n3. Search for `trapdoor` in the output, observing that it also exists\n\n\n\n**Expected result**\n\nThe block type ID shown would be `weathering_copper_trapdoor`.\n\n**Actual result**\n\nThe block type ID shown is `weathering_copper_trap_door`.\n\n\n\nThe output can also be viewed here:  \n\n"
"MC-300809","I can't remove blocks from my inventory! in 1.21.8","Bug","1.21.8","None","Unconfirmed","(Unassigned)","Awaiting Response","None","`If I put a block in my inventory, I can't remove it. Only if I take more than one block can I remove all but one! Since today, it doesn't work unless I drag it back into my inventory, but it still works with the destruction field.`\n\n"
"MC-300815","Want to the green book to craft Soul Lanterns but it did nothing","Bug","1.21.8","None","Unconfirmed","(Unassigned)","Incomplete","None","I want to the green book in the crafting table and click on the Soul Lantern. and it didn’t show up how to make the Soul Lantern.\n\n"
"MC-300836","Bed is Occupied after pc shut off","Bug","1.21.8","None","Unconfirmed","(Unassigned)","Awaiting Response","None","I went to sleep in my bed in-game when my power temporarily went out. After regaining power, I re-logged into my world, which saved to right before I slept. When I tried sleeping in the bed, it said the bed was occupied, even though it was a single player world. Breaking the bed did reset it back to its normal state.\n\n"
"MC-300843","Locator bar glitching on a happy ghast","Bug","1.21.8","None","Unconfirmed","(Unassigned)","Awaiting Response","None","when you sit beside a person on a happy ghast the locator bar icon for that player is glitching like he is teleporting from one place to another \n\n"
"MC-300844","Skeleton bug","Bug","25w32a","None","Unconfirmed","(Unassigned)","Awaiting Response","None","Skeleton’s bow is floating under its hand,not in hand\n\n"
"MC-300845","crashing","Bug","1.21.8","None","Unconfirmed","(Unassigned)","Awaiting Response","None","i opined minecraft but fore some reason it was stuck on the loading screen and the only way that i could fix this is restart my pc ore alt + F4\n\n"
"MC-300851","Duplication of angry wolves","Bug","1.21.8","None","Unconfirmed","(Unassigned)","Incomplete","None","Lead a angry wolf and have a sheep nearby and tried to lead the wolf to a fence post\n\n"
"MC-300860","Enchantments for everything","Bug","1.21.8","None","Unconfirmed","(Unassigned)","Awaiting Response","None","Me and my friends were just playing around on a test server and i just started holding scroll wheel and i sent up stuff like sharpness on a chestplate and scroled and it was lowerd and i got a sharpness netherite chestplate so me and my friends just started and looking over it whit diffrent items and we made a cheastplate thats nearly impossible to get and my friends was like its just lag but the lag machine on off them made was made after that and then we started lloking at the wiki and twitter and we found nothing\n\n"
"MC-300861","Infinite blocks","Bug","25w32a","None","Unconfirmed","(Unassigned)","Awaiting Response","None","Blocks that are pushed by a piston when placed in creative mode will cause them to respawn after destruction and will not fall\n\n"
"MC-300872","Dealing damage sometimes makes your sprint be at a walking pace","Bug","1.21.8","None","Unconfirmed","(Unassigned)","Awaiting Response","None","Sometimes if you deal damage while sprinting your sprint speed will be reduced to that of normal walking speed.You can still sprint jump, and you still still see sprinting particles, but you are as slow as walking.\n\nI'm not sure on the exact reproductions steps, as it seems to be a little random.Just try attacking another player while sprinting with different combinations of being midair and side stepping.\n\n"
"MC-300874","Mob behaviour bug","Bug","1.21.8","None","Unconfirmed","(Unassigned)","Awaiting Response","None","Neutral/Hostile mobs that have a permanent target sometimes briefly turn to another mob that attacks them. This happens often when the player has a tamed wolf and the player punches a mob, and when the wolf attacks it, it turns to look at the wolf for about 0.3 seconds.\n\n"
"MC-300875","Mob bug","Bug","1.21.8","None","Unconfirmed","(Unassigned)","Awaiting Response","None","Breaking a gold-related block does not aggravate Piglin Brutes.\n\n"
"MC-300876","World gen can be different for the same seed.","Bug","1.21.8","None","Unconfirmed","(Unassigned)","Awaiting Response","None","Trees can be in different locations/different shapes when using the same seed more than once. Strongholds sometimes get overridden by caves, and sometimes not in the same seed. In general, structures/features that collide can be different on every seed except for trees which are just different for some reason.\n\n\n\n"
"MC-300877","Experience does not drop out of quartz","Bug","25w32a","None","Unconfirmed","(Unassigned)","Awaiting Response","None","When mining quartz, experience is dropped, but it is not counted towards your level.\n\n"
"MC-300881","Report Player Skin: Skin Preview no longer interactive","Bug","25w32a","None","Unconfirmed","(Unassigned)","Awaiting Response","None","When trying to report a player skin the widget on the left side is no longer interactive.\n\nPreviously (in 1.21.8) it was possible to drag the mouse which moved the player entity accordingly.\n\n"
"MC-300886","Can't fly in creative","Bug","1.21.8; 25w32a","None","Unconfirmed","(Unassigned)","Incomplete","None","Every time I try to fly in creative all I do is jump, I checked settings and restarted the game and still can't fly in creative, even making a new world didn't work, sorry I don't have a picture to prove. \n\n"
"MC-300889","A pumpkin can be carved with any object.","Bug","1.21.8","None","Unconfirmed","(Unassigned)","Awaiting Response","None","My friend and I noticed that a pumpkin can be carved by hand or with any other object, but this was not the case on older versions. I counted it as a bug.\n\n"
"MC-300891","Music disc ""tears"" does not show the juke box's playing state","Bug","1.21.8","None","Unconfirmed","(Unassigned)","Awaiting Response","None","the tears music disk does not set the jukeboxes playing blockstate \n\n"
"MC-300894","Baby Happy Ghast does not scale harness layer correctly","Bug","1.21.8; 25w32a","None","Unconfirmed","(Unassigned)","Awaiting Response","None","When equipping harness for adult Happy Ghast, then using command to set their age to -24000.\n\nAfter that the harness layer disappeared and cannot be seen from the outside. But when looking inside the Baby Happy Ghast there is a harness layer rendered but incorrect scale.\n\nI have attached fix code to make it render properly. Just simply remove `baby` argument and remove `apply` part with the `BABY_TRANSFORMER` in the `HappyGhastHarnessModel` class.\n\n\n\n"
"MC-300898","In version 24W36A, when wearing Netherite armor, it will incorrectly appear as Diamond armor","Bug","25w33a","None","Unconfirmed","(Unassigned)","Awaiting Response","None","***in version 24W36A, when wearing Netherite armor, it will incorrectly appear as Diamond armor***\n\n\n\n"
"MC-300902","Anvil GUI: Title text rendering priority incorrectly higher than input field text","Bug","1.21.8","None","Unconfirmed","(Unassigned)","Awaiting Response","None","When replacing the default anvil title texture with a custom image (by modifying the title name), the new texture renders **above** the input text field, obscuring typed text.\n\n\n\n"
"MC-300903","Item sorting broken with Copper golem in underground warehouse setup.","Bug","25w32a","None","Unconfirmed","(Unassigned)","Awaiting Response","None","In Snapshot 25w32a, I encountered a consistent issue with the Copper Golem's item sorting behavior. The golem fails to deposit items into chests that already contain the same item, even when those chests are not full.\n\nFor example, I placed diamonds into a regular chest. Later, I added more diamonds into a Copper Chest. Instead of depositing them into the original chest (which still had space and already contained diamonds), the golem chose a different chest — sometimes even one containing unrelated items like copper.\n\nMy storage system includes two separate underground warehouses, each with 10 chests (5 on the left, 5 on the right). Each warehouse has its own Copper Golem, so there's no overload. All chests are on the same level, with plenty of space above them. The only visual indicator I used was a single item frame on one chest, but the golem ignored it.\n\nThe issue occurs every time I attempt to sort items. The golem seems to forget which chests it has already used and does not consistently check all 10 available chests. This behavior makes the sorting system unreliable and breaks the intended functionality.\n\nPlease investigate this bug — it significantly affects gameplay and automation.\n\n"
"MC-300905","hopper bug","Bug","1.21.8","None","Unconfirmed","(Unassigned)","Awaiting Response","None","Before reading it.\n\nI am not a native English speaker, so my English is not good.\n\n\n\n\n\nBug:\n\nHopper can pass some items  to next hopper.\n\nbut in this procedure, the item in bug hopper is gone.\n\nFix: destroy the  bug hopper and fill again the same location.\n\n\n\n *I don’t know how to generate this bug, and I think this bug is very rare to happen\n\nbut if it happen, when you put some important items in the hopper your important item may be gone.\n\n\n\n"
"MC-300915","Nether Portal Unlinking","Bug","1.21.8","None","Unconfirmed","(Unassigned)","Awaiting Response","None","I’ve just started a hardcore world singleplayer in the latest version, opened a Nether Portal that I created with buckets, just to see where I’d spawn.When I came back through the portal (the one in the Nether), instead of finding myself back where I had built mine, the game spawned a portal in a place where I had never been. I re-entered, re-exited, and still found myself in this new place. So I broke the new portal in the Overworld and walked back home, I entered the portal again and it worked fine, so I closed the game.Today I went back in my world, entered the Nether, and when I left it a new portal spawned next to that one I had broken yesterday, and the one in my base unlinked again.\n\nAlso, after the unlinking happens, the game starts lagging a lot\n\n"
"MC-300925","Copper golems refuse to open chests being viewed by a player in Spectator mode","Bug","25w32a","None","Community Consensus","Mob behaviour","Cannot Reproduce","None","Steps to reproduce:\n\n1. Set up any environment where a copper golem would open a copper chest.\n\n\n2. Enter spectator mode and click on the copper chest to view it’s contents.\n\n\n\nExpected Behavior:\n\n1. In the circumstance that a player is in spectator mode, players should not be able to make any noticable changes to the world.\n\n\n2. The copper golem should be able to interact with the copper chest as if no player is currently opening it.\n\n\n\nWhat happens:\n\n1. The copper golem will refuse to open the copper chest, allowing players in spectator mode to break or interrupt contraptions that use copper golems.\n\n\n\nThis bug makes it annoying to debug and analyze the speed of copper golem contraptions when using spectator mode.\n\n"
"MC-300927","After opening to the local area network, unable to interact with items, unable to switch modes, getting stuck on the save screen when exiting the game.","Bug","25w32a","None","Unconfirmed","(Unassigned)","Awaiting Response","None","After opening to the local area network, unable to interact with items, unable to switch modes, getting stuck on the save screen when exiting the game.\n\n"
"MC-300934","Hello, i joined a friends aternos and then i changed my minecraft name, it restarted my game","Bug","1.21.8","None","Unconfirmed","(Unassigned)","Awaiting Response","None","i joined a friends aternos and then i changed my minecraft name, i joined it later on and got restarted, items and all. i got respawned at the world spawn point and had to try and get my loot back but failed. i don't know what to do?\n\n"
"MC-300935","The launcher or thrower detects the redstone torch incorrectly","Bug","25w32a","None","Unconfirmed","(Unassigned)","Awaiting Response","None","Place a redstone torch attached to a block on the side directly above the thrower or launcher, and when the attached block receives a pulse signalThe redstone torch also began to flicker, but the projector or launcher below did not throw the projectile\n\n[brick]<- [Redstone Torch]\n\n                [transmitter]\n\n"
"MC-300937","Sheer Brilliance Not Unlocking","Bug","1.21.8","None","Unconfirmed","(Unassigned)","Awaiting Response","None","When trying to unlock Sheer Brilliance Achievement, with all steps necessary taken, I have not been able to unlock the achievement. My friend who is playing on the same server is also having the same issue, as well as other achievements. \n\n"
"MC-300943","I can't switch ""Redused Debug Info"" off","Bug","25w32a","None","Unconfirmed","(Unassigned)","Awaiting Response","None","When I Turn ""Redused Debug Info"" off, Debug Info is still Reduced and I can't switch it off\n\n"
"MC-300953","Poor optimization in versions 1.21.5+","Bug","1.21.8","None","Unconfirmed","(Unassigned)","Awaiting Response","None","Since version 1.21.5 there has been an optimization error. In version 1.21.4 I could easily reach 200 fps, but when I switched to 1.21.5 my fps was only 50-120 fps Even dropped to 0 fps for about 1 second continuously , 1.21.8 was a huge disappointment, I dropped to 2 chunks and got 45fps, do you guys really want me to play minecraft and occasionally look up at the sky to increase fps?\n\n"
"MC-300957","Game frozen nothing responding","Bug","1.21.8","None","Unconfirmed","(Unassigned)","Incomplete","None","My World is frozen chunks not loading some chunks with blocks invisible\n\n"
"MC-300962","Unable to exchange the same items in the backpack normally.","Bug","1.21.8","None","Unconfirmed","(Unassigned)","Awaiting Response","None","Take fireworks as an example. When you press the E key to open your inventory and swap the positions of two sets of fireworks, you will find that if the number of fireworks selected with the mouse is less than the number being swapped, the exchange cannot be completed, no matter how many times you left-click. If the number of fireworks selected with the mouse is greater than the number of fireworks being swapped, the two sets of items can be exchanged normally. This issue only occurs with certain blocks, such as fireworks and scaffolding.\n\n"
"MC-300973","Bug about - copper golems isn’t oxidised","Bug","25w33a","None","Unconfirmed","(Unassigned)","Incomplete","None","I tried the command “tick sprint 3d” to watch the copper golem oxidize, but it’s not working. Mojang, please fix this. 🙏\n\n"
"MC-300980","Its a bug in the settings","Bug","1.21.8","None","Unconfirmed","(Unassigned)","Incomplete","None","I set my game on hold sneak but it toggles\n\nalso in the versions 1.21.4 and 1.21.5\n\n"
"MC-300998",".","Bug","25w33a","None","Unconfirmed","(Unassigned)","Incomplete","None",".\n\n"
"MC-301008","Possible regression: GuiGraphics#submitOutline doesn't respect matrix transformations","Bug","25w33a","None","Unconfirmed","(Unassigned)","Awaiting Response","None","GuiGraphics#renderOutline has been removed in 25w33a in favor of GuiGraphics#submitOutline.\n\nAny transformations which have been applied to the Matrix3x2fStack (such as translations) are not respected anymore.\n\n\n\nPrevious example which used to work:\n\n```java\nguiGraphics.pose().translate(10, 10);
guiGraphics.renderOutline(0, 0, 5, 5, 0xFFFFFFFF);\n```\n\nThe above would render a white outline at `10, 10` with width and height each being 5 in white color.\n\n\n\nCurrent state which doesn’t work:\n\n```java\nguiGraphics.pose().translate(10, 10);
guiGraphics.submitOutline(0, 0, 5, 5, 0xFFFFFFFF);\n```\n\nThis outline now doesn’t render at `10, 10` but at `0, 0`.\n\n\n\nExpected behavior would probably be for it to render at `10, 10` as was previously the case. The fill command also respects applied transformations, so it would be weird for `submitOutline` not to.\n\n"
"MC-301018","Pausing the game does only pause the game Igt","Bug","25w33a","None","Unconfirmed","(Unassigned)","Incomplete","None","Pausing the game does only pause the game Igt\n\n"
"MC-301045","Intel core related bugs still occur on servers with resource/texture packs enabled.","Bug","1.21.8","None","Unconfirmed","(Unassigned)","Awaiting Response","None","**Bugs -**  and probably MC-296908 still occur on 1.21.8 if server has resource packs enabled. \n\nSometimes textures flicker with black lines or their animations are interrupted. This is easily noticed on magma blocks, lava, and water.\n\nGame screen freezing and crashes also occur as before.\n\n## How to get\n\nJoin java multiplayer server with resource/texture pack enabled on device with intel core graphic, wait a while and you should notice glitches. Sometimes, spotting them can be less frequent and seems to depend on the server.\n\n## Note:\n\nThese bugs didn't seem to exist on version 1.21.8 for a while, but they've been around for a few days or weeks (I can't quite pinpoint it). They don't seem to occur on servers without resource/texture packs enabled or in singleplayer worlds.Also the bugs seem to be much weaker than on versions before intel core graphic fixes\n\n"
"MC-301046","Shader rendertype_entity_translucent_emissive could not find sampler named Sampler2 in the specified shader program.","Bug","25w34a","None","Unconfirmed","(Unassigned)","Awaiting Response","None","This is an ongoing bug with 1.21.x, in my case 1.21.1.  Errors are as thus upon server startup. \n\n\n\n```\n[11Aug2025 19:12:23.980] [Render thread/WARN] [net.minecraft.client.renderer.ShaderInstance/]: Shader rendertype_entity_translucent_emissive could not find sampler named Sampler2 in the specified shader program.\n```\n\n\n\n"
"MC-301052","Festive mashup pack problem","Bug","25w34a","None","Unconfirmed","(Unassigned)","Awaiting Response","None","​I was playing a festive mashup pack and it showed up wrong. I saw the rain falling in very small and not clear snow I just want to make the rain rain clearly or with big snow and tysm❤️\n\n"
"MC-301059","torches are disappearing in tunnels","Bug","1.21.8","None","Unconfirmed","(Unassigned)","Awaiting Response","None","I placed torches in a tunnel leading to a cave but all of them dissapeared meanwhile the one that where placed inside the actual cave didnt. It was vanilla minecraft. I also used stairs in my tunnel. \n\n\n\n"
"MC-301071","Fence Gates make Stone sounds on placement","Bug","1.21.8","None","Unconfirmed","(Unassigned)","Awaiting Response","None","When any Fence Gate is placed/broken it makes a Stone based sound instead of Wood sounds\n\n"
"MC-301073","Iron Golem Rage when using a lead on a bot with villager leaded to an happy ghast","Bug","1.21.8","None","Unconfirmed","(Unassigned)","Awaiting Response","None","If you have a boat with 1/2 villagers and you use the lead on the boat, the boat will fall on the ground and even if the villagers won’t get any damage, if there is an iron golem nearby he will be triggered and will charge you\n\n"
"MC-301076","after using backup i cant see days or biomes","Bug","25w33a","None","Unconfirmed","(Unassigned)","Awaiting Response","None","i took in use my backup  and now i cant see days or on what biome i am on\n\n"
"MC-301106","If the copper golem turns into a statue while leashed by player, the lead will disappear","Bug","25w33a","None","Unconfirmed","(Unassigned)","Awaiting Response","None","If the copper golem turns into a statue while leashed by player, the lead will disappear\n\n"
"MC-301108","Deletion of enchanting table items","Bug","1.21.8","None","Unconfirmed","(Unassigned)","Awaiting Response","None","When you start enchanting something in an enchanting table, but don’t select the enchant and just put the lapis and items in, and you disconnect, or get kicked from a server, the items and lapis gets deleted.\n\n(on a 1.21.8 server)\n\n"
"MC-301109","Duplicate items","Bug","1.21.8","None","Unconfirmed","(Unassigned)","Awaiting Response","None","If you put item in chest then having so much item on ground that cause the lag then shut down the app and log again the item you put in chest and your inventory still remain i found this bug in 1.21.5 \n\n"
"MC-301111","End Portal Frame not being broken","Bug","1.21.8","None","Unconfirmed","(Unassigned)","Awaiting Response","None","when you break an end portal the portal doesnt get destroyed, how it normally would be like. This too effects the trick where you break the frames using a red mushroom\n\n"
"MC-301117","Some items placed on a copper golems head are glitched","Bug","25w33a","None","Unconfirmed","(Unassigned)","Awaiting Response","None","#### Lastly when i was messing with commands, i discovered that some of the new items doesnt apply correctly on Copper Golems\n\n\n\nHere’s a list woth test subjects\n\n**List of the items/Mobs**\n\n**Copper Golem**\n\n**Skeleton**\n\n**Zombie**\n\nOak Shelf (or any type)\n\nApply upwards the head\n\nApply at the back of the head\n\nApply at the back of the head\n\nLightning rod (any type)\n\nApply updwards the head\n\nEaster Egg applied\n\nEaster Egg applied\n\n"
"MC-301122","Green player dot still shows up on maps put in a item frame","Bug","25w33a","None","Unconfirmed","(Unassigned)","Awaiting Response","None","It works with both item frames and glow item frames, it even stacks if put on multiple item frames and looks very ugly on maps both hold by the player or the item frames\n\n"
"MC-301125","i got 2 bugs","Bug","25w34a","None","Unconfirmed","(Unassigned)","Awaiting Response","None","so, I own Minecraft because I got through and now, I got to buy it and I can't mine anything or place anything done \n\n"
"MC-301128","The mouse cannot click the menu","Bug","1.21.8","None","Unconfirmed","(Unassigned)","Awaiting Response","None","I died mid-game, and my mouse stopped responding to menu clicks. Even after restarting my computer, changing my mouse, and restarting the world, the mouse still doesn't work. How can I fix this? I can't play the game anymore.\n\n"
"MC-301131","spiders float","Bug","25w34a","None","Unconfirmed","(Unassigned)","Awaiting Response","None","spiders float in jungle and planes biomes in java\n\n"
"MC-301132","I don't receive items after a certain height","Bug","1.21.8","None","Unconfirmed","(Unassigned)","Awaiting Response","None","I was on a Minecraft server and a valuable item dropped. The item was 2 blocks above the other one. However, the first block was oak wood and the second block was on the stair. The item was on the open side of the stair and I couldn't get it. It's normal and it happens on every server.\n\n"
"MC-301135","Iron Golems sometimes plant flowers","Bug","1.21.8; 25w33a","None","Unconfirmed","(Unassigned)","Incomplete","None","Blank description \n\n"
"MC-301141","Carpet does not stay with the transparent wall circuit!","Bug","1.21.8","None","Unconfirmed","(Unassigned)","Incomplete","None","The error that the carpet does not stay on the ground, with the transparent wall circuit, does not occur everywhere! Some circuits work, only the following ones have the error!\n\n"
"MC-301151","Game freezes graphically after ~20 seconds","Bug","1.21.8","None","Unconfirmed","(Unassigned)","Awaiting Response","None","This bug has affected multiple versions, since around April.\n\nLaunching the game ends in the window freezing after 20~30 seconds without fail, regardless of whether it’s in the main menu or being played. The freeze is only graphical, though. The game can still technically be played {presumably; movement sounds play when pressing the movement keys, and the mouse cursor appears when pressing the pause or inventory keys} despite the view being frozen.\n\nThis was tested on multiple clients (including the official Launcher,) before and after both a Java Runtime and graphics driver update, and before and after deleting the .minecraft folder.\n\n"
"MC-301157","Happy Ghasts path find into fire","Bug","1.21.8","None","Unconfirmed","(Unassigned)","Awaiting Response","None","Happy ghasts can path find into fire. This was observed with soul fire. Unknown if applies to regular fire. \n\n"
"MC-301159","Rail junction failed on redstone block","Bug","25w34a","None","Unconfirmed","(Unassigned)","Awaiting Response","None","Rail junction failed if railway is on a redstone block\n\nActually, I only tested it on 1.21.5\n\nI don’t know how to describe this, so check the video\n\n"
"MC-301170","3 Enderman is attacking me for no reason","Bug","1.21.8","None","Unconfirmed","(Unassigned)","Incomplete","None","I don’t know it’s a easter egg or not when ı am in the end random 3 enderman is starting to attack me \n\nI don’t look their eyes \n\n"
"MC-301171","chest boat GUI opens on entering a boat","Bug","1.21.8","None","Unconfirmed","(Unassigned)","Awaiting Response","None","If you hold right click while entering a boat with chest it’ll open the chest GUI after placing the player in the boat. Double right clicking can have the same effect, but if there’s enough of a delay between right clicks it does NOT open the GUI making this feel like unintentional behavior \n\n\n\n"
"MC-301173","If You Break a block above you and Press Q it'll dupe the item your holding","Bug","1.21.8","None","Unconfirmed","(Unassigned)","Awaiting Response","None","If you break a block above you, Press Q and drop the item your holding at a certain time frame it’ll drop your item while a duped one stays in your hand and if you switch to an empty hot bar slot you can pick it up (if you pick it up with the duped item in your hand it’ll disappear) I'm not sure about the timing for pressing Q but after a while something caused my duped Netherite pickaxe to disappear \n\n\n\n"
"MC-301176","My skin dont work but my friends can see it","Bug","1.21.8","None","Unconfirmed","(Unassigned)","Awaiting Response","None","Hello, my skin dont show but im stuck in the zuri skin, i cant even change with the default skins.\n\nMy friends can see my skin but i cant.\n\nI dont have any problems and i dont have any antivirus installed\n\n"
"MC-301183","Happy Ghasts won't stay on leads","Bug","1.21.8","None","Unconfirmed","(Unassigned)","Awaiting Response","None","Every time I put my Happy Ghasts on leads they break free, or if I tie them to a post they'll break free of the lead that way\n\n"
"MC-301184","Carpet disappears when placed above transparent wall piston door upon activation","Bug","1.21.8","None","Unconfirmed","(Unassigned)","Awaiting Response","None","When using a transparent wall piston door with Redstone, carpets placed above the moving blocks disappear upon activation.The carpet does not drop as an item, but simply gets deleted.\n\nThis issue does not affect every identical build – some piston doors work fine with carpets, others consistently delete them when triggered.\n\n\n\nSteps to reproduce\n\nBuild a transparent wall piston door (hidden door using sticky pistons and Redstone).\n\nPlace carpets on top of the blocks that are part of the piston mechanism.\n\nActivate the Redstone circuit (lever, button, or any power source).\n\nObserve: When the pistons extend or retract, the carpet vanishes.\n\n\n\nExpected result\n\nThe carpet should remain placed on top of the block even when the piston door is activated.\n\n\n\nActual result\n\nThe carpet disappears completely.\n\nIt does not drop as an item.\n\nHappens only on certain piston door builds, making it inconsistent.\n\n\n\nAdditional Notes\n\nIssue only occurs with carpets, not with full blocks.\n\nSeems related to block updates when pistons move blocks beneath carpets.\n\nTested on Minecraft Java 1.21.8 – may affect other 1.21.x versions as well.\n\n"
"MC-301202","Copper Golem Froze My game","Bug","25w33a","None","Unconfirmed","(Unassigned)","Awaiting Response","None","All the villager function are currently stopped since my copper golem froze on an item.\n\n\n\nWhen I say stopped, they are moving, sleeping, going on their work block, but i’m talking about secondary function, they don’t breed and iron golem doesn’t spawn anymore.\n\n\n\nI killed the copper golem, it didn’t change. I restarted all the farm, nothing changed.\n\n\n\nCopper golem froze on sugar cane, it was already in a chest, golem wasn’t checking other chest and freezing on it.\n\n\n\n\n\n"
"MC-301203","I cant see my capes and my skin in game","Bug","1.21.8","None","Unconfirmed","(Unassigned)","Awaiting Response","None","i have a problem, I change my laptop, i join my minecraft acount and i change my skin but when i start in a new world my skin is Steve, and i dont have capes in my menu but i colect 7 capes\n\n"
"MC-301205","Failed To Load World Summary","Bug","1.21.8","None","Unconfirmed","(Unassigned)","Awaiting Response","None","i just transferred my world between pcs and now it says Failed To Load World Summary and i cant join it\n\n"
"MC-301221","Incorrect Item light rendering 1.21.8","Bug","1.21.8","None","Unconfirmed","(Unassigned)","Awaiting Response","None","Some items when on the ground or held in hand arent correctly rendered at night. Commonly affects food and tools from testing. Also affects items held by mobs. So far only tested on 1.21.8 Vanilla ClientExpected result should be that items in main/offhand, held by mobs and items on ground should not ‘glow’ at night. \n\n\n\n"
"MC-301222","Weird Blue spot on GUI","Bug","25w33a","None","Unconfirmed","(Unassigned)","Awaiting Response","None","I was trying the latest java snapshot when I noticed a weird blue patch on my UI, it seems to disappear when I press F1 but it seems to appear even on third person view.\n\n"
"MC-301234","/rotate multiplies momentum/motion, for example making a player glide 6000 blocks in one second just by tapping ""w""","Bug","25w34a","None","Unconfirmed","(Unassigned)","Awaiting Response","None","25w32a+ , not fixed yet . when an entity executes the “/rotate” its momentum/motion is multiplied by absurd amounts, more noticable with a ticking command where it doesn’t stop, making you move insanely fast for ever while not applying any movement input.\n\n"
"MC-301252","Enchanted items doesnt show the purple outline","Bug","1.21.8; 25w34b","None","Unconfirmed","(Unassigned)","Cannot Reproduce","None","Some enchanted items doesnt show the purple outling they used to\n\n"
